customer_id,total_orders,first_order,last_order,days_between,avg_days_per_order,churn_label
1,3,2025-01-20 18:01:50,2025-05-28 01:38:26,127,42.333333333333336,0
2,1,2025-10-05 01:51:57,2025-10-05 01:51:57,0,0.0,1
3,1,2025-04-01 05:14:18,2025-04-01 05:14:18,0,0.0,1
4,1,2025-03-19 21:41:36,2025-03-19 21:41:36,0,0.0,1
5,1,2025-04-13 21:41:14,2025-04-13 21:41:14,0,0.0,1
7,1,2025-08-27 21:57:42,2025-08-27 21:57:42,0,0.0,1
8,4,2024-12-21 10:49:42,2025-10-07 00:21:56,289,72.25,0
9,1,2025-07-11 15:34:01,2025-07-11 15:34:01,0,0.0,1
10,2,2025-09-05 18:18:10,2025-10-25 13:28:32,49,24.5,0
11,2,2025-03-21 05:51:08,2025-09-29 23:23:46,192,96.0,0
12,1,2025-04-21 05:23:43,2025-04-21 05:23:43,0,0.0,1
13,4,2024-12-21 07:44:26,2025-08-02 21:06:01,224,56.0,0
14,1,2025-03-22 19:07:18,2025-03-22 19:07:18,0,0.0,1
15,2,2024-12-13 14:41:39,2025-05-20 15:39:25,158,79.0,0
16,2,2025-01-02 11:55:18,2025-10-11 14:13:20,282,141.0,0
17,2,2025-01-09 03:04:57,2025-10-05 08:31:28,269,134.5,0
18,1,2025-04-05 03:23:12,2025-04-05 03:23:12,0,0.0,1
20,2,2025-04-29 09:42:39,2025-10-28 05:46:33,181,90.5,0
21,2,2025-08-16 16:20:06,2025-10-12 17:32:32,57,28.5,0
22,3,2025-04-19 23:21:19,2025-10-08 18:17:58,171,57.0,0
23,3,2025-01-08 05:28:15,2025-10-25 20:24:24,290,96.66666666666669,0
25,2,2025-01-07 22:49:41,2025-03-09 18:20:22,60,30.0,0
26,3,2025-03-07 06:08:25,2025-08-18 12:19:43,164,54.66666666666666,0
27,3,2024-12-03 10:02:41,2025-08-05 22:26:01,245,81.66666666666667,0
28,3,2025-01-05 10:58:44,2025-02-24 15:49:15,50,16.666666666666668,0
30,2,2025-07-11 19:47:57,2025-09-28 21:40:47,79,39.5,0
32,1,2025-01-05 23:49:13,2025-01-05 23:49:13,0,0.0,1
33,1,2024-11-26 17:52:16,2024-11-26 17:52:16,0,0.0,1
34,2,2024-12-06 20:39:01,2024-12-12 12:17:51,5,2.5,0
35,2,2025-01-16 04:14:01,2025-08-03 18:34:45,199,99.5,0
36,3,2025-02-19 02:14:56,2025-10-10 23:59:58,233,77.66666666666667,0
37,2,2025-10-18 04:41:08,2025-10-19 01:06:28,0,0.0,0
40,2,2025-02-27 02:19:21,2025-04-02 11:58:27,34,17.0,0
41,2,2025-04-30 10:05:06,2025-07-23 08:16:11,83,41.5,0
42,1,2025-06-13 21:05:33,2025-06-13 21:05:33,0,0.0,1
43,2,2025-05-13 05:23:55,2025-11-01 09:47:01,172,86.0,0
44,1,2025-04-27 17:38:46,2025-04-27 17:38:46,0,0.0,1
46,1,2025-09-12 09:45:04,2025-09-12 09:45:04,0,0.0,1
47,3,2025-02-05 11:45:47,2025-08-07 03:09:27,182,60.66666666666666,0
49,5,2024-12-23 10:21:53,2025-09-05 11:08:29,256,51.2,0
50,3,2024-12-06 18:08:44,2025-09-18 02:37:54,285,95.0,0
51,1,2025-06-30 01:02:25,2025-06-30 01:02:25,0,0.0,1
55,2,2025-01-03 11:24:35,2025-03-16 11:37:16,72,36.0,0
56,4,2025-02-18 00:31:43,2025-10-15 15:40:26,239,59.75,0
57,3,2025-07-19 00:40:23,2025-09-12 11:17:38,55,18.33333333333333,0
58,1,2025-05-27 22:53:12,2025-05-27 22:53:12,0,0.0,1
59,3,2025-03-09 19:36:14,2025-11-04 06:40:35,239,79.66666666666667,0
60,2,2024-12-04 06:45:55,2025-11-18 10:38:28,349,174.5,0
61,2,2024-12-28 19:01:36,2025-01-29 10:54:49,31,15.5,0
62,5,2025-03-16 17:51:32,2025-10-27 09:08:41,224,44.8,0
63,2,2025-04-06 18:03:03,2025-07-15 13:46:31,99,49.5,0
64,1,2025-10-03 12:36:37,2025-10-03 12:36:37,0,0.0,1
65,1,2024-12-25 10:49:28,2024-12-25 10:49:28,0,0.0,1
66,3,2025-04-02 22:52:12,2025-10-07 04:00:48,187,62.333333333333336,0
67,3,2025-05-12 18:26:27,2025-08-01 09:45:15,80,26.666666666666668,0
68,3,2025-02-12 12:22:10,2025-11-18 23:54:28,279,93.0,0
69,2,2024-11-28 06:35:46,2025-05-29 13:09:04,182,91.0,0
70,1,2025-08-25 23:07:21,2025-08-25 23:07:21,0,0.0,1
72,2,2025-01-03 16:49:41,2025-07-01 01:33:23,178,89.0,0
73,1,2025-05-01 12:44:53,2025-05-01 12:44:53,0,0.0,1
74,5,2024-12-01 10:55:59,2025-09-25 01:06:36,297,59.4,0
75,3,2024-11-29 17:23:02,2025-11-06 16:40:40,341,113.66666666666669,0
76,3,2025-03-25 21:44:26,2025-10-01 09:54:01,189,63.0,0
77,2,2025-04-08 16:41:47,2025-04-09 12:21:09,0,0.0,0
79,1,2025-07-05 13:08:50,2025-07-05 13:08:50,0,0.0,1
80,2,2025-09-20 03:32:01,2025-11-01 18:44:47,42,21.0,0
81,2,2025-08-08 06:27:29,2025-09-19 10:22:30,42,21.0,0
82,2,2025-03-15 22:58:03,2025-09-17 03:41:15,185,92.5,0
83,3,2024-12-09 20:29:58,2025-09-08 11:44:00,272,90.66666666666669,0
85,2,2025-02-25 08:02:10,2025-06-10 11:22:09,105,52.5,0
86,1,2025-06-24 08:25:25,2025-06-24 08:25:25,0,0.0,1
88,5,2025-03-08 00:10:49,2025-08-23 23:58:10,168,33.6,0
90,2,2025-06-07 09:24:45,2025-10-17 07:20:40,131,65.5,0
92,3,2025-03-25 01:18:24,2025-11-08 03:15:24,228,76.0,0
93,2,2025-02-09 06:02:23,2025-09-04 21:58:57,207,103.5,0
94,3,2025-05-29 01:42:54,2025-09-29 22:15:30,123,41.0,0
96,2,2024-11-30 18:50:11,2025-05-20 13:29:08,170,85.0,0
97,1,2025-09-01 16:53:58,2025-09-01 16:53:58,0,0.0,1
98,2,2025-06-22 02:56:57,2025-09-03 15:06:46,73,36.5,0
99,1,2025-04-15 20:12:59,2025-04-15 20:12:59,0,0.0,1
100,4,2025-05-31 15:04:32,2025-11-17 16:16:36,170,42.5,0
101,5,2025-03-02 10:47:09,2025-09-11 02:29:29,192,38.4,0
102,1,2025-05-06 02:03:09,2025-05-06 02:03:09,0,0.0,1
104,1,2025-04-02 15:42:46,2025-04-02 15:42:46,0,0.0,1
105,1,2025-10-12 08:30:00,2025-10-12 08:30:00,0,0.0,1
107,2,2025-02-08 21:45:52,2025-09-22 09:10:19,225,112.5,0
108,6,2025-01-15 19:11:56,2025-11-02 08:50:44,290,48.333333333333336,0
109,1,2025-01-05 20:42:44,2025-01-05 20:42:44,0,0.0,1
110,1,2025-10-10 03:53:06,2025-10-10 03:53:06,0,0.0,1
112,1,2025-01-25 21:38:30,2025-01-25 21:38:30,0,0.0,1
113,1,2025-06-07 03:24:20,2025-06-07 03:24:20,0,0.0,1
114,4,2025-01-04 21:49:09,2025-10-08 06:46:42,276,69.0,0
115,2,2025-01-11 05:00:08,2025-11-01 13:29:52,294,147.0,0
116,1,2025-05-29 18:38:12,2025-05-29 18:38:12,0,0.0,1
117,2,2025-05-28 19:31:42,2025-07-22 17:57:12,54,27.0,0
118,3,2025-01-03 20:04:50,2025-06-08 22:19:24,156,52.0,0
119,2,2024-12-22 02:59:24,2025-02-06 21:36:16,46,23.0,0
120,2,2025-11-03 17:14:43,2025-11-20 20:15:12,17,8.5,0
122,2,2025-08-23 14:47:55,2025-09-03 14:13:35,10,5.0,0
123,2,2025-09-13 09:22:47,2025-10-24 05:25:15,40,20.0,0
124,1,2025-04-10 08:16:45,2025-04-10 08:16:45,0,0.0,1
125,1,2025-06-25 03:01:54,2025-06-25 03:01:54,0,0.0,1
126,2,2025-08-06 19:19:06,2025-09-16 07:58:15,40,20.0,0
127,1,2024-12-15 18:28:11,2024-12-15 18:28:11,0,0.0,1
128,2,2025-03-05 20:03:34,2025-04-05 15:51:27,30,15.0,0
129,1,2025-06-30 14:10:38,2025-06-30 14:10:38,0,0.0,1
130,2,2025-05-12 00:12:46,2025-06-25 15:02:57,44,22.0,0
131,2,2025-04-06 12:07:49,2025-08-22 17:46:59,138,69.0,0
132,2,2025-01-05 14:55:07,2025-02-26 02:43:36,51,25.5,0
133,1,2025-02-11 16:32:38,2025-02-11 16:32:38,0,0.0,1
134,2,2025-08-12 00:46:50,2025-11-15 16:53:52,95,47.5,0
135,6,2025-03-28 06:44:43,2025-11-21 11:07:49,238,39.66666666666666,0
136,2,2024-12-29 00:26:34,2025-01-06 22:33:27,8,4.0,0
137,1,2024-12-19 15:27:02,2024-12-19 15:27:02,0,0.0,1
138,1,2025-09-02 05:16:10,2025-09-02 05:16:10,0,0.0,1
139,2,2025-08-06 08:30:57,2025-10-16 03:55:46,70,35.0,0
141,1,2024-12-07 17:57:45,2024-12-07 17:57:45,0,0.0,1
142,2,2025-03-31 14:07:41,2025-10-03 23:30:57,186,93.0,0
143,4,2024-12-14 15:03:50,2025-07-29 19:36:54,227,56.75,0
144,2,2025-08-09 23:46:14,2025-09-05 07:13:26,26,13.0,0
145,3,2025-03-13 11:12:51,2025-09-27 23:58:53,198,66.0,0
146,1,2025-10-01 17:07:19,2025-10-01 17:07:19,0,0.0,1
147,4,2024-12-03 20:45:24,2025-05-03 16:11:41,150,37.5,0
148,1,2025-07-01 07:34:34,2025-07-01 07:34:34,0,0.0,1
149,1,2025-01-11 04:32:48,2025-01-11 04:32:48,0,0.0,1
150,1,2025-06-15 19:46:03,2025-06-15 19:46:03,0,0.0,1
151,3,2024-12-04 19:35:22,2025-09-02 23:12:31,272,90.66666666666669,0
152,1,2025-10-07 12:23:39,2025-10-07 12:23:39,0,0.0,1
154,1,2025-04-06 04:12:15,2025-04-06 04:12:15,0,0.0,1
155,2,2025-03-18 01:00:41,2025-03-21 23:39:15,3,1.5,0
156,2,2025-01-16 00:46:04,2025-06-21 17:59:54,156,78.0,0
157,3,2025-03-28 05:46:06,2025-10-29 13:34:10,215,71.66666666666667,0
158,8,2024-12-28 06:53:50,2025-11-18 07:26:53,325,40.625,0
159,3,2025-02-04 18:31:45,2025-11-17 03:10:40,285,95.0,0
160,2,2025-02-18 02:04:04,2025-08-07 17:42:55,170,85.0,0
161,1,2025-11-04 20:33:50,2025-11-04 20:33:50,0,0.0,1
163,1,2025-08-26 23:21:28,2025-08-26 23:21:28,0,0.0,1
164,1,2025-08-19 01:31:00,2025-08-19 01:31:00,0,0.0,1
165,1,2025-06-19 16:15:53,2025-06-19 16:15:53,0,0.0,1
166,2,2025-09-08 18:14:45,2025-11-07 21:19:23,60,30.0,0
168,3,2024-12-21 20:36:56,2025-07-25 18:02:05,215,71.66666666666667,0
170,1,2025-04-25 11:34:01,2025-04-25 11:34:01,0,0.0,1
172,4,2024-11-28 17:20:16,2025-09-21 10:19:16,296,74.0,0
173,3,2025-03-26 19:01:34,2025-11-18 19:31:02,237,79.0,0
174,2,2025-01-11 19:37:56,2025-02-07 08:00:58,26,13.0,0
175,3,2025-06-19 18:03:52,2025-11-02 14:24:09,135,45.0,0
176,1,2025-07-27 07:18:20,2025-07-27 07:18:20,0,0.0,1
178,2,2025-01-26 12:46:36,2025-11-18 06:24:56,295,147.5,0
180,2,2025-02-19 19:28:28,2025-11-03 08:25:29,256,128.0,0
181,2,2025-02-23 04:10:32,2025-09-29 05:32:15,218,109.0,0
182,4,2025-02-19 20:45:35,2025-07-11 14:52:34,141,35.25,0
183,1,2025-02-18 17:45:30,2025-02-18 17:45:30,0,0.0,1
184,1,2025-07-05 20:56:13,2025-07-05 20:56:13,0,0.0,1
185,1,2025-02-13 03:55:13,2025-02-13 03:55:13,0,0.0,1
186,2,2025-09-14 11:27:13,2025-10-19 10:06:57,34,17.0,0
187,4,2025-03-29 03:43:35,2025-11-09 16:50:34,225,56.25,0
188,2,2024-12-09 06:41:45,2025-08-22 23:48:17,256,128.0,0
190,1,2025-03-18 07:50:30,2025-03-18 07:50:30,0,0.0,1
191,3,2025-06-01 01:40:34,2025-11-16 04:43:15,168,56.0,0
192,5,2024-11-27 23:43:49,2025-04-14 02:40:26,137,27.4,0
193,3,2024-12-11 07:31:05,2025-08-09 23:48:50,241,80.33333333333333,0
195,6,2024-11-25 06:48:58,2025-10-19 19:14:00,328,54.66666666666666,0
196,4,2024-12-18 05:07:31,2025-09-09 23:57:25,265,66.25,0
197,3,2024-12-06 08:53:27,2025-08-06 12:49:34,243,81.0,0
198,1,2025-08-25 16:12:47,2025-08-25 16:12:47,0,0.0,1
199,3,2024-12-30 11:35:58,2025-08-23 17:08:26,236,78.66666666666667,0
200,3,2025-04-20 22:41:36,2025-09-01 05:04:20,133,44.333333333333336,0
201,1,2025-04-08 23:32:37,2025-04-08 23:32:37,0,0.0,1
203,1,2025-05-06 21:23:33,2025-05-06 21:23:33,0,0.0,1
204,2,2025-03-29 02:35:23,2025-04-26 04:17:07,28,14.0,0
205,3,2025-02-24 08:17:11,2025-09-21 22:00:56,209,69.66666666666667,0
206,1,2025-02-09 20:56:35,2025-02-09 20:56:35,0,0.0,1
207,1,2025-08-06 12:15:20,2025-08-06 12:15:20,0,0.0,1
208,2,2025-05-26 09:00:52,2025-09-08 04:34:14,104,52.0,0
210,1,2025-01-02 10:50:58,2025-01-02 10:50:58,0,0.0,1
211,3,2025-01-15 08:48:05,2025-07-28 20:35:02,194,64.66666666666667,0
212,3,2025-02-25 18:17:19,2025-08-26 09:32:02,181,60.333333333333336,0
213,3,2025-06-07 18:12:16,2025-09-17 01:54:17,101,33.666666666666664,0
214,2,2024-12-07 09:35:00,2025-06-08 23:32:57,183,91.5,0
215,1,2025-10-03 07:27:41,2025-10-03 07:27:41,0,0.0,1
216,2,2024-12-01 02:58:37,2025-07-21 22:29:26,232,116.0,0
217,2,2025-01-09 14:49:00,2025-03-01 06:31:08,50,25.0,0
218,5,2025-01-28 07:08:20,2025-09-07 18:07:46,222,44.4,0
220,1,2025-05-26 23:16:26,2025-05-26 23:16:26,0,0.0,1
221,2,2025-03-24 03:28:57,2025-04-24 18:20:25,31,15.5,0
222,2,2025-02-09 16:39:55,2025-04-10 08:40:08,59,29.5,0
223,1,2025-06-28 21:10:37,2025-06-28 21:10:37,0,0.0,1
225,2,2025-01-11 06:15:10,2025-06-20 01:47:34,159,79.5,0
226,1,2025-02-26 17:58:11,2025-02-26 17:58:11,0,0.0,1
227,3,2025-06-25 09:54:47,2025-11-22 05:47:42,149,49.66666666666666,0
228,1,2025-03-02 10:31:53,2025-03-02 10:31:53,0,0.0,1
229,2,2025-01-28 22:52:01,2025-08-16 18:32:58,199,99.5,0
230,2,2025-05-03 08:57:47,2025-07-27 19:08:23,85,42.5,0
231,2,2025-03-06 18:43:59,2025-07-07 04:13:18,122,61.0,0
232,5,2024-12-05 04:28:44,2025-08-16 22:18:19,254,50.8,0
233,5,2024-12-04 09:06:52,2025-11-03 16:26:13,334,66.8,0
234,3,2025-08-13 13:59:16,2025-09-22 11:53:49,39,13.0,0
235,2,2024-12-18 05:51:31,2025-09-27 15:36:04,283,141.5,0
236,3,2025-04-20 20:18:22,2025-09-13 05:28:19,145,48.333333333333336,0
237,3,2024-11-30 20:16:15,2025-06-20 02:51:05,201,67.0,0
238,2,2025-03-22 02:13:44,2025-06-19 23:04:34,89,44.5,0
239,1,2025-05-22 19:15:40,2025-05-22 19:15:40,0,0.0,1
240,3,2025-03-09 11:18:15,2025-07-09 03:09:18,121,40.333333333333336,0
241,1,2025-06-27 13:44:52,2025-06-27 13:44:52,0,0.0,1
242,1,2024-11-27 20:46:39,2024-11-27 20:46:39,0,0.0,1
244,1,2025-08-02 19:22:32,2025-08-02 19:22:32,0,0.0,1
245,4,2024-12-11 02:58:25,2025-10-03 12:24:44,296,74.0,0
246,3,2025-04-26 12:38:42,2025-10-01 14:01:21,158,52.66666666666666,0
247,2,2025-03-21 06:38:38,2025-09-20 04:22:34,182,91.0,0
248,2,2025-01-02 11:50:56,2025-10-18 07:18:11,288,144.0,0
249,1,2025-02-06 03:18:18,2025-02-06 03:18:18,0,0.0,1
250,2,2025-01-31 14:38:07,2025-05-26 04:09:03,114,57.0,0
252,4,2025-01-11 20:40:41,2025-11-16 05:04:00,308,77.0,0
253,1,2025-10-02 01:47:52,2025-10-02 01:47:52,0,0.0,1
254,2,2025-10-15 18:19:11,2025-10-22 19:02:08,7,3.5,0
255,3,2024-12-18 03:51:04,2025-09-26 10:24:08,282,94.0,0
256,3,2025-08-04 13:21:16,2025-11-10 09:49:29,97,32.333333333333336,0
257,3,2025-01-01 10:14:54,2025-08-29 07:41:04,239,79.66666666666667,0
258,1,2025-11-06 04:12:56,2025-11-06 04:12:56,0,0.0,1
259,1,2025-02-18 06:04:35,2025-02-18 06:04:35,0,0.0,1
261,3,2025-01-03 15:03:58,2025-11-18 19:21:27,319,106.33333333333331,0
263,2,2025-01-19 18:36:02,2025-05-26 07:32:20,126,63.0,0
264,2,2025-04-05 16:48:10,2025-11-15 05:31:18,223,111.5,0
265,1,2025-05-24 14:26:18,2025-05-24 14:26:18,0,0.0,1
268,1,2025-10-25 20:30:36,2025-10-25 20:30:36,0,0.0,1
269,1,2025-04-04 09:51:53,2025-04-04 09:51:53,0,0.0,1
270,2,2025-10-23 21:53:24,2025-10-26 05:52:55,2,1.0,0
272,1,2025-06-01 05:33:50,2025-06-01 05:33:50,0,0.0,1
273,2,2025-04-16 10:40:55,2025-08-17 00:04:40,122,61.0,0
274,5,2024-12-14 13:14:12,2025-07-02 16:21:35,200,40.0,0
275,2,2025-02-26 07:46:42,2025-10-05 05:24:04,220,110.0,0
276,2,2025-03-04 14:11:23,2025-10-11 05:17:08,220,110.0,0
277,2,2025-10-07 00:31:15,2025-10-22 23:20:51,15,7.5,0
278,1,2025-06-26 19:22:03,2025-06-26 19:22:03,0,0.0,1
279,3,2025-03-13 10:29:03,2025-11-22 23:48:07,254,84.66666666666667,0
280,2,2025-02-01 06:01:49,2025-02-17 19:02:55,16,8.0,0
281,2,2025-02-06 06:11:42,2025-11-11 05:13:44,277,138.5,0
283,1,2025-10-21 15:43:00,2025-10-21 15:43:00,0,0.0,1
284,4,2025-01-27 04:39:18,2025-08-24 09:26:59,209,52.25,0
285,4,2024-12-15 02:31:06,2025-08-23 18:44:38,251,62.75,0
286,2,2025-01-28 18:36:54,2025-06-14 18:17:03,136,68.0,0
288,1,2025-07-11 21:56:43,2025-07-11 21:56:43,0,0.0,1
289,1,2025-11-22 23:57:54,2025-11-22 23:57:54,0,0.0,1
290,2,2024-12-09 06:38:07,2025-11-20 07:15:04,346,173.0,0
291,6,2025-02-18 08:48:52,2025-08-25 18:09:46,188,31.33333333333333,0
292,3,2024-12-08 21:53:34,2025-06-26 23:29:22,200,66.66666666666667,0
293,6,2025-05-09 07:22:10,2025-08-26 05:16:43,108,18.0,0
294,4,2025-01-12 12:20:34,2025-08-30 12:07:33,229,57.25,0
295,2,2025-02-20 22:13:40,2025-03-06 14:47:46,13,6.5,0
297,2,2025-05-14 06:23:24,2025-09-13 19:33:05,122,61.0,0
298,3,2024-11-26 13:55:16,2025-07-07 22:44:11,223,74.33333333333333,0
299,2,2025-02-23 11:01:47,2025-08-24 13:00:42,182,91.0,0
300,3,2025-01-16 19:58:43,2025-09-03 20:38:29,230,76.66666666666667,0
301,2,2025-04-28 18:31:58,2025-06-15 04:16:23,47,23.5,0
303,1,2025-04-20 10:55:35,2025-04-20 10:55:35,0,0.0,1
306,1,2024-12-09 13:18:51,2024-12-09 13:18:51,0,0.0,1
307,4,2025-01-20 01:28:46,2025-10-20 11:14:06,273,68.25,0
308,3,2025-05-29 12:50:46,2025-07-01 08:44:20,32,10.666666666666666,0
311,4,2025-02-13 10:57:41,2025-05-30 05:22:55,105,26.25,0
312,1,2025-08-12 17:31:31,2025-08-12 17:31:31,0,0.0,1
313,1,2024-11-24 23:24:41,2024-11-24 23:24:41,0,0.0,1
314,1,2024-12-02 12:56:33,2024-12-02 12:56:33,0,0.0,1
315,3,2025-03-16 00:34:19,2025-08-10 12:16:04,147,49.0,0
316,1,2025-02-05 15:19:55,2025-02-05 15:19:55,0,0.0,1
317,1,2025-08-18 10:58:22,2025-08-18 10:58:22,0,0.0,1
318,1,2025-10-19 07:52:27,2025-10-19 07:52:27,0,0.0,1
319,4,2025-03-13 03:39:25,2025-08-20 07:33:39,160,40.0,0
320,3,2024-12-24 03:17:22,2025-04-17 04:46:09,114,38.0,0
321,3,2024-11-30 05:35:18,2025-09-08 12:48:46,282,94.0,0
322,3,2025-04-11 12:53:31,2025-11-14 21:21:44,217,72.33333333333333,0
323,2,2024-12-20 07:33:51,2025-11-21 11:05:39,336,168.0,0
324,1,2024-12-01 23:30:28,2024-12-01 23:30:28,0,0.0,1
326,2,2025-03-04 23:57:17,2025-10-11 16:48:35,220,110.0,0
327,1,2025-05-26 10:22:52,2025-05-26 10:22:52,0,0.0,1
329,2,2025-03-19 22:58:10,2025-05-22 05:53:10,63,31.5,0
330,2,2025-01-09 17:51:44,2025-09-10 20:33:52,244,122.0,0
331,1,2025-01-24 17:07:32,2025-01-24 17:07:32,0,0.0,1
332,3,2025-02-28 16:49:27,2025-10-21 09:10:01,234,78.0,0
333,3,2025-01-27 23:24:23,2025-09-30 22:09:43,245,81.66666666666667,0
334,1,2025-11-07 07:33:02,2025-11-07 07:33:02,0,0.0,1
335,1,2025-04-09 09:54:32,2025-04-09 09:54:32,0,0.0,1
336,2,2025-10-02 15:03:24,2025-10-19 04:30:53,16,8.0,0
337,1,2025-03-03 19:22:52,2025-03-03 19:22:52,0,0.0,1
338,2,2025-05-12 08:41:35,2025-08-16 18:24:04,96,48.0,0
339,1,2025-07-12 00:14:15,2025-07-12 00:14:15,0,0.0,1
340,3,2024-12-04 16:18:52,2025-09-22 00:15:23,291,97.0,0
341,2,2025-05-28 04:27:16,2025-08-21 09:17:10,85,42.5,0
342,2,2025-02-13 02:28:35,2025-03-14 20:31:33,29,14.5,0
343,3,2025-03-18 08:21:59,2025-09-28 21:56:51,194,64.66666666666667,0
344,3,2024-12-12 02:30:38,2025-03-27 05:33:47,105,35.0,0
345,1,2025-01-07 20:05:42,2025-01-07 20:05:42,0,0.0,1
346,1,2025-11-15 01:45:33,2025-11-15 01:45:33,0,0.0,1
347,3,2024-12-25 20:18:27,2025-08-30 20:07:09,247,82.33333333333333,0
348,1,2025-07-08 04:53:37,2025-07-08 04:53:37,0,0.0,1
349,5,2024-12-12 16:44:46,2025-10-17 21:56:34,309,61.8,0
351,1,2024-12-18 20:04:37,2024-12-18 20:04:37,0,0.0,1
352,1,2025-07-23 11:58:30,2025-07-23 11:58:30,0,0.0,1
353,1,2024-12-21 05:56:58,2024-12-21 05:56:58,0,0.0,1
354,2,2025-02-05 12:32:00,2025-08-05 23:54:18,181,90.5,0
355,6,2024-12-22 10:46:14,2025-08-19 00:10:57,239,39.833333333333336,0
358,1,2025-11-23 04:20:29,2025-11-23 04:20:29,0,0.0,1
359,1,2025-11-03 12:36:55,2025-11-03 12:36:55,0,0.0,1
360,3,2025-04-24 03:27:44,2025-09-07 15:25:23,136,45.333333333333336,0
361,1,2025-10-31 01:02:21,2025-10-31 01:02:21,0,0.0,1
362,1,2025-03-05 08:26:26,2025-03-05 08:26:26,0,0.0,1
363,1,2025-01-12 16:38:41,2025-01-12 16:38:41,0,0.0,1
364,1,2025-02-04 08:44:20,2025-02-04 08:44:20,0,0.0,1
365,2,2025-03-13 17:37:15,2025-07-26 08:16:22,134,67.0,0
366,4,2025-01-20 18:15:39,2025-10-21 19:14:41,274,68.5,0
367,1,2025-09-06 05:30:39,2025-09-06 05:30:39,0,0.0,1
368,2,2025-10-03 15:33:10,2025-11-09 06:41:04,36,18.0,0
370,3,2025-05-25 01:38:38,2025-11-24 08:57:40,183,61.0,0
371,1,2025-07-28 11:19:25,2025-07-28 11:19:25,0,0.0,1
372,2,2025-02-03 13:18:39,2025-08-14 08:55:37,191,95.5,0
373,4,2024-11-28 10:11:26,2025-11-23 13:10:51,360,90.0,0
374,2,2025-02-10 11:23:49,2025-04-09 17:58:47,58,29.0,0
375,3,2025-07-20 13:48:45,2025-10-04 14:32:02,76,25.33333333333333,0
377,1,2025-09-03 16:53:30,2025-09-03 16:53:30,0,0.0,1
378,1,2025-08-10 14:35:00,2025-08-10 14:35:00,0,0.0,1
379,3,2025-01-06 03:24:44,2025-03-24 08:16:08,77,25.666666666666668,0
380,1,2025-02-12 14:25:25,2025-02-12 14:25:25,0,0.0,1
382,4,2025-01-18 19:57:53,2025-11-16 16:19:36,301,75.25,0
383,4,2024-12-14 23:39:48,2025-11-03 15:07:03,323,80.75,0
384,3,2025-01-20 00:40:15,2025-09-10 08:05:25,233,77.66666666666667,0
385,2,2025-02-11 19:39:01,2025-09-17 16:24:40,217,108.5,0
386,2,2025-06-30 13:36:01,2025-08-24 14:39:14,55,27.5,0
388,1,2025-08-31 18:23:16,2025-08-31 18:23:16,0,0.0,1
389,1,2024-12-12 03:01:35,2024-12-12 03:01:35,0,0.0,1
390,2,2025-08-13 09:02:35,2025-09-14 14:57:54,32,16.0,0
391,3,2025-01-14 03:26:03,2025-05-09 21:33:29,115,38.333333333333336,0
393,2,2025-05-11 09:09:26,2025-08-05 08:23:03,85,42.5,0
394,4,2025-01-02 02:36:11,2025-08-28 23:24:18,238,59.5,0
395,2,2025-02-06 05:22:29,2025-02-26 11:55:43,20,10.0,0
396,1,2025-03-10 14:41:42,2025-03-10 14:41:42,0,0.0,1
397,3,2025-01-03 09:20:46,2025-11-24 05:31:05,324,108.0,0
398,2,2024-12-16 12:30:19,2025-07-15 00:07:53,210,105.0,0
399,3,2024-12-28 09:32:15,2025-09-15 08:13:52,260,86.66666666666667,0
400,1,2025-04-16 10:48:14,2025-04-16 10:48:14,0,0.0,1
401,1,2025-02-11 07:45:55,2025-02-11 07:45:55,0,0.0,1
402,2,2024-12-17 02:21:59,2025-03-11 10:42:24,84,42.0,0
404,1,2025-08-21 06:59:59,2025-08-21 06:59:59,0,0.0,1
405,1,2025-07-18 19:11:15,2025-07-18 19:11:15,0,0.0,1
406,4,2024-12-06 10:31:56,2025-10-15 19:48:19,313,78.25,0
407,1,2025-11-10 22:54:51,2025-11-10 22:54:51,0,0.0,1
408,2,2025-02-12 12:09:41,2025-09-13 08:56:02,212,106.0,0
409,1,2025-01-09 01:37:03,2025-01-09 01:37:03,0,0.0,1
410,1,2025-08-07 16:18:06,2025-08-07 16:18:06,0,0.0,1
411,1,2025-02-17 13:26:25,2025-02-17 13:26:25,0,0.0,1
412,3,2025-01-21 07:31:14,2025-06-11 12:05:50,141,47.0,0
413,2,2024-12-12 11:46:49,2024-12-29 09:45:33,16,8.0,0
415,2,2025-07-27 04:19:42,2025-08-17 20:08:20,21,10.5,0
416,2,2025-06-19 11:51:56,2025-09-17 06:22:43,89,44.5,0
417,2,2025-09-15 08:59:33,2025-09-24 08:57:45,8,4.0,0
418,2,2025-06-25 08:47:10,2025-10-20 01:26:50,116,58.0,0
419,3,2025-02-16 00:00:56,2025-11-07 03:45:53,264,88.0,0
420,1,2025-04-10 07:01:52,2025-04-10 07:01:52,0,0.0,1
421,1,2025-10-08 01:00:26,2025-10-08 01:00:26,0,0.0,1
422,4,2025-01-07 03:13:33,2025-11-08 04:43:50,305,76.25,0
423,2,2025-05-14 20:22:27,2025-09-17 19:36:13,125,62.5,0
424,3,2024-12-17 18:22:13,2025-03-15 19:38:16,88,29.33333333333333,0
425,2,2025-04-20 16:27:28,2025-06-11 09:17:10,51,25.5,0
426,3,2025-06-02 06:05:00,2025-11-08 05:35:22,158,52.66666666666666,0
427,2,2025-04-15 10:16:59,2025-09-01 14:08:33,139,69.5,0
428,4,2025-01-15 03:00:34,2025-10-14 18:27:53,272,68.0,0
429,4,2024-12-28 16:40:38,2025-05-07 23:17:07,130,32.5,0
430,2,2025-05-02 10:12:53,2025-10-08 23:37:00,159,79.5,0
431,1,2025-04-01 13:28:49,2025-04-01 13:28:49,0,0.0,1
432,4,2024-12-23 10:31:49,2025-09-16 09:13:57,266,66.5,0
433,1,2025-01-29 20:26:24,2025-01-29 20:26:24,0,0.0,1
434,4,2025-06-27 03:50:41,2025-09-04 20:09:05,69,17.25,0
435,1,2025-04-09 18:25:41,2025-04-09 18:25:41,0,0.0,1
437,2,2025-08-20 13:12:35,2025-09-17 21:10:12,28,14.0,0
438,1,2025-02-03 19:29:26,2025-02-03 19:29:26,0,0.0,1
440,1,2025-03-04 12:10:04,2025-03-04 12:10:04,0,0.0,1
441,3,2025-04-14 20:41:37,2025-08-29 22:57:26,137,45.66666666666666,0
442,4,2024-12-29 11:43:42,2025-08-17 10:34:13,230,57.5,0
443,2,2025-10-03 15:33:43,2025-11-23 13:09:20,50,25.0,0
444,2,2025-02-03 14:28:59,2025-06-06 03:31:21,122,61.0,0
445,2,2025-08-11 07:41:39,2025-10-27 06:25:35,76,38.0,0
446,3,2025-02-02 17:01:49,2025-04-28 00:43:07,84,28.0,0
447,3,2025-02-02 08:42:29,2025-09-25 09:17:49,235,78.33333333333333,0
448,1,2025-08-17 06:00:17,2025-08-17 06:00:17,0,0.0,1
449,2,2025-02-11 13:28:53,2025-02-18 13:53:45,7,3.5,0
450,1,2025-05-16 13:17:59,2025-05-16 13:17:59,0,0.0,1
452,1,2025-04-04 21:33:28,2025-04-04 21:33:28,0,0.0,1
453,1,2025-09-05 14:24:04,2025-09-05 14:24:04,0,0.0,1
455,4,2025-05-16 05:39:25,2025-11-22 22:59:03,190,47.5,0
456,1,2025-05-04 09:42:49,2025-05-04 09:42:49,0,0.0,1
457,2,2025-05-03 21:07:24,2025-08-30 08:29:35,118,59.0,0
458,4,2025-03-01 07:12:45,2025-10-21 17:28:55,234,58.5,0
459,1,2025-07-02 15:44:06,2025-07-02 15:44:06,0,0.0,1
460,1,2025-07-16 12:30:40,2025-07-16 12:30:40,0,0.0,1
461,2,2025-03-09 16:43:48,2025-07-12 15:42:20,124,62.0,0
462,2,2025-03-15 16:46:17,2025-05-24 20:38:35,70,35.0,0
463,3,2025-02-07 09:11:48,2025-10-04 00:23:54,238,79.33333333333333,0
464,5,2024-12-04 11:58:53,2025-08-25 03:17:13,263,52.6,0
465,1,2025-03-23 01:22:24,2025-03-23 01:22:24,0,0.0,1
466,3,2025-05-31 00:16:11,2025-10-22 13:04:48,144,48.0,0
467,2,2024-12-04 17:26:27,2025-02-09 22:39:13,67,33.5,0
468,1,2025-10-01 12:08:13,2025-10-01 12:08:13,0,0.0,1
469,1,2025-02-09 10:01:03,2025-02-09 10:01:03,0,0.0,1
470,5,2024-12-29 19:28:47,2025-09-09 10:54:12,253,50.6,0
471,3,2025-01-29 07:10:21,2025-06-16 19:31:41,138,46.0,0
473,1,2025-09-01 06:38:27,2025-09-01 06:38:27,0,0.0,1
475,2,2025-04-10 03:13:51,2025-06-19 02:59:13,69,34.5,0
476,2,2024-12-12 05:05:33,2025-08-31 05:55:03,262,131.0,0
478,4,2025-04-25 23:18:26,2025-10-19 02:59:10,176,44.0,0
479,2,2025-07-05 17:39:00,2025-07-15 18:55:49,10,5.0,0
480,3,2024-11-26 22:04:45,2025-09-14 10:11:43,291,97.0,0
481,1,2025-06-16 05:34:00,2025-06-16 05:34:00,0,0.0,1
482,2,2025-01-17 11:39:00,2025-10-11 10:54:37,266,133.0,0
483,2,2025-09-30 10:23:05,2025-10-08 04:29:25,7,3.5,0
484,1,2025-02-10 13:21:01,2025-02-10 13:21:01,0,0.0,1
485,2,2024-12-28 18:57:08,2025-07-17 14:53:28,200,100.0,0
486,4,2024-11-26 13:48:00,2025-10-12 15:34:55,320,80.0,0
487,2,2025-02-06 15:46:11,2025-02-10 17:55:16,4,2.0,0
488,2,2025-01-05 02:14:42,2025-07-12 18:44:20,188,94.0,0
489,4,2025-08-21 20:05:27,2025-11-10 19:26:39,80,20.0,0
490,1,2025-04-18 11:05:37,2025-04-18 11:05:37,0,0.0,1
491,1,2025-07-26 09:12:23,2025-07-26 09:12:23,0,0.0,1
492,2,2024-12-17 02:29:12,2025-01-06 15:52:26,20,10.0,0
493,3,2025-03-24 21:57:49,2025-07-12 19:46:32,109,36.333333333333336,0
494,1,2025-10-13 11:30:40,2025-10-13 11:30:40,0,0.0,1
495,1,2025-03-18 15:40:33,2025-03-18 15:40:33,0,0.0,1
496,1,2024-12-27 05:54:58,2024-12-27 05:54:58,0,0.0,1
497,2,2025-06-02 04:53:40,2025-06-24 23:25:44,22,11.0,0
498,3,2025-02-19 18:43:35,2025-07-03 22:11:00,134,44.66666666666666,0
499,1,2025-03-14 15:07:23,2025-03-14 15:07:23,0,0.0,1
500,2,2025-07-27 21:02:52,2025-11-16 00:19:14,111,55.5,0
501,1,2025-08-16 04:30:09,2025-08-16 04:30:09,0,0.0,1
502,3,2025-03-13 14:05:54,2025-10-05 02:44:16,205,68.33333333333333,0
503,4,2025-07-13 01:42:27,2025-11-22 10:36:23,132,33.0,0
504,5,2025-01-11 12:24:02,2025-11-07 01:55:36,299,59.8,0
505,3,2025-02-07 19:20:29,2025-11-07 15:00:59,272,90.66666666666669,0
508,1,2025-05-15 00:11:39,2025-05-15 00:11:39,0,0.0,1
509,3,2024-11-24 17:31:43,2025-06-30 22:58:03,218,72.66666666666667,0
510,1,2025-02-11 03:07:44,2025-02-11 03:07:44,0,0.0,1
511,3,2025-07-07 22:25:30,2025-09-28 18:22:57,82,27.33333333333333,0
512,1,2025-01-13 14:45:45,2025-01-13 14:45:45,0,0.0,1
513,2,2024-12-19 13:33:44,2025-05-11 13:52:15,143,71.5,0
514,2,2025-03-24 11:22:36,2025-03-27 17:33:52,3,1.5,0
515,2,2025-08-13 00:35:41,2025-10-25 01:41:18,73,36.5,0
517,4,2025-03-06 15:15:20,2025-11-20 23:57:19,259,64.75,0
519,1,2025-11-18 19:16:29,2025-11-18 19:16:29,0,0.0,1
520,1,2025-04-02 21:32:44,2025-04-02 21:32:44,0,0.0,1
521,3,2024-12-17 17:46:57,2025-02-24 07:35:19,68,22.666666666666668,0
522,2,2025-02-28 19:28:31,2025-06-30 08:09:55,121,60.5,0
523,2,2025-06-01 01:05:09,2025-08-17 23:42:46,77,38.5,0
524,3,2025-04-02 05:49:27,2025-10-19 04:56:11,199,66.33333333333333,0
525,2,2025-07-09 14:55:40,2025-07-13 06:12:42,3,1.5,0
526,1,2025-09-17 02:38:25,2025-09-17 02:38:25,0,0.0,1
527,3,2025-03-27 19:32:49,2025-11-02 02:56:47,219,73.0,0
528,3,2025-01-08 01:44:32,2025-08-02 21:37:39,206,68.66666666666667,0
529,2,2025-06-09 17:51:41,2025-10-12 05:57:56,124,62.0,0
530,1,2025-10-01 06:23:48,2025-10-01 06:23:48,0,0.0,1
531,5,2025-02-11 03:51:41,2025-11-11 22:10:53,273,54.6,0
532,1,2025-02-15 16:24:14,2025-02-15 16:24:14,0,0.0,1
533,3,2025-01-21 02:03:51,2025-08-06 07:08:14,197,65.66666666666667,0
535,2,2025-01-21 18:42:57,2025-03-03 14:03:15,40,20.0,0
538,1,2025-02-12 00:26:02,2025-02-12 00:26:02,0,0.0,1
539,4,2024-12-08 10:32:16,2025-10-10 19:24:16,306,76.5,0
540,3,2025-01-01 02:09:02,2025-04-23 23:32:19,112,37.333333333333336,0
541,3,2024-12-12 18:06:08,2025-07-16 09:19:27,215,71.66666666666667,0
542,1,2025-09-18 08:29:55,2025-09-18 08:29:55,0,0.0,1
543,1,2025-03-15 00:47:30,2025-03-15 00:47:30,0,0.0,1
544,5,2024-12-05 14:21:16,2025-10-27 02:08:41,325,65.0,0
545,1,2025-03-27 13:33:46,2025-03-27 13:33:46,0,0.0,1
546,2,2024-12-08 07:38:13,2025-08-18 21:19:26,253,126.5,0
547,2,2025-01-13 15:38:31,2025-10-26 12:40:09,285,142.5,0
548,1,2025-03-04 09:55:21,2025-03-04 09:55:21,0,0.0,1
551,4,2025-02-03 23:47:33,2025-07-27 06:57:04,173,43.25,0
552,1,2025-02-09 17:38:08,2025-02-09 17:38:08,0,0.0,1
553,1,2025-06-16 01:14:59,2025-06-16 01:14:59,0,0.0,1
555,1,2025-03-21 20:56:50,2025-03-21 20:56:50,0,0.0,1
556,2,2025-10-03 16:52:49,2025-11-02 02:28:39,29,14.5,0
557,4,2025-04-18 13:08:42,2025-10-06 15:13:13,171,42.75,0
559,2,2025-09-18 06:29:52,2025-10-11 05:46:18,22,11.0,0
560,3,2025-08-07 20:49:09,2025-11-08 04:49:01,92,30.666666666666668,0
561,3,2025-04-12 17:06:03,2025-10-15 04:44:50,185,61.66666666666666,0
563,1,2025-04-29 02:53:14,2025-04-29 02:53:14,0,0.0,1
565,2,2025-07-01 16:05:27,2025-08-03 05:09:51,32,16.0,0
566,2,2025-01-07 01:24:20,2025-03-28 12:25:48,80,40.0,0
567,1,2025-09-15 09:42:52,2025-09-15 09:42:52,0,0.0,1
569,1,2025-09-27 13:13:49,2025-09-27 13:13:49,0,0.0,1
571,3,2025-02-02 22:08:31,2025-11-16 20:19:07,286,95.33333333333331,0
572,3,2025-02-21 17:13:06,2025-09-28 14:02:39,218,72.66666666666667,0
573,1,2025-11-24 06:21:59,2025-11-24 06:21:59,0,0.0,1
574,1,2025-08-11 00:20:47,2025-08-11 00:20:47,0,0.0,1
576,6,2024-11-24 16:42:40,2025-10-19 20:10:33,329,54.833333333333336,0
577,2,2024-12-24 17:29:58,2025-03-08 10:18:51,73,36.5,0
578,2,2024-12-17 02:56:46,2025-10-07 01:21:05,293,146.5,0
579,1,2025-01-29 13:50:39,2025-01-29 13:50:39,0,0.0,1
580,3,2025-04-27 19:19:31,2025-08-18 02:04:24,112,37.333333333333336,0
581,3,2025-01-27 02:26:19,2025-10-13 05:07:50,259,86.33333333333333,0
582,1,2025-04-18 01:40:51,2025-04-18 01:40:51,0,0.0,1
583,3,2025-01-17 10:05:53,2025-06-11 11:04:05,145,48.333333333333336,0
584,2,2025-01-09 12:47:26,2025-09-16 04:30:21,249,124.5,0
585,1,2025-02-15 09:24:13,2025-02-15 09:24:13,0,0.0,1
586,3,2025-05-01 19:29:55,2025-11-20 23:03:08,203,67.66666666666667,0
587,3,2025-02-01 04:44:04,2025-07-04 02:09:29,152,50.66666666666666,0
588,2,2025-07-19 02:42:37,2025-09-03 15:22:01,46,23.0,0
589,3,2025-05-11 14:49:18,2025-09-05 11:31:50,116,38.66666666666666,0
590,2,2025-02-03 23:51:59,2025-07-31 13:13:49,177,88.5,0
592,1,2024-12-06 22:33:39,2024-12-06 22:33:39,0,0.0,1
593,1,2025-03-25 03:38:15,2025-03-25 03:38:15,0,0.0,1
594,2,2025-06-30 19:24:04,2025-07-06 20:45:22,6,3.0,0
595,2,2025-04-08 23:08:33,2025-06-30 22:59:26,82,41.0,0
596,1,2025-04-06 11:41:27,2025-04-06 11:41:27,0,0.0,1
597,3,2025-02-01 05:49:47,2025-08-04 18:01:15,184,61.333333333333336,0
598,1,2024-11-27 17:51:14,2024-11-27 17:51:14,0,0.0,1
599,1,2025-11-03 19:14:53,2025-11-03 19:14:53,0,0.0,1
600,3,2025-01-25 12:52:17,2025-04-30 23:32:27,95,31.666666666666668,0
601,1,2025-11-04 20:11:50,2025-11-04 20:11:50,0,0.0,1
604,3,2025-03-16 10:05:50,2025-06-04 21:50:47,80,26.666666666666668,0
605,1,2025-02-27 14:54:28,2025-02-27 14:54:28,0,0.0,1
608,1,2025-06-14 06:45:56,2025-06-14 06:45:56,0,0.0,1
609,1,2025-04-11 21:39:46,2025-04-11 21:39:46,0,0.0,1
610,1,2025-06-19 08:04:55,2025-06-19 08:04:55,0,0.0,1
611,2,2025-05-22 16:27:42,2025-08-08 12:39:08,77,38.5,0
612,2,2025-06-05 18:56:14,2025-11-05 12:31:50,152,76.0,0
613,1,2024-12-31 17:06:24,2024-12-31 17:06:24,0,0.0,1
614,3,2024-12-19 00:05:49,2025-07-13 01:24:38,206,68.66666666666667,0
615,1,2025-03-27 00:39:48,2025-03-27 00:39:48,0,0.0,1
616,1,2025-03-23 21:28:47,2025-03-23 21:28:47,0,0.0,1
618,2,2025-04-27 09:40:20,2025-11-03 23:46:38,190,95.0,0
619,2,2025-02-20 23:50:30,2025-07-31 07:06:05,160,80.0,0
621,2,2025-01-11 06:44:33,2025-04-14 09:49:12,93,46.5,0
622,1,2025-07-23 10:54:45,2025-07-23 10:54:45,0,0.0,1
623,1,2025-05-30 15:50:19,2025-05-30 15:50:19,0,0.0,1
624,1,2025-10-12 05:22:57,2025-10-12 05:22:57,0,0.0,1
625,3,2025-04-23 18:26:01,2025-09-19 21:24:39,149,49.66666666666666,0
626,3,2024-12-30 03:27:00,2025-09-22 15:45:49,266,88.66666666666667,0
627,1,2025-03-03 01:41:20,2025-03-03 01:41:20,0,0.0,1
628,1,2025-06-09 09:59:22,2025-06-09 09:59:22,0,0.0,1
629,1,2025-03-30 02:32:33,2025-03-30 02:32:33,0,0.0,1
630,3,2025-07-12 07:46:17,2025-09-13 00:15:58,62,20.666666666666668,0
631,3,2025-01-07 01:19:06,2025-10-29 15:14:10,295,98.33333333333331,0
632,2,2025-01-19 07:58:12,2025-05-29 01:06:18,129,64.5,0
633,3,2025-03-18 20:45:41,2025-04-30 19:59:25,42,14.0,0
634,2,2024-11-27 04:23:44,2025-06-16 03:24:50,200,100.0,0
635,4,2025-01-16 23:30:33,2025-10-20 18:21:57,276,69.0,0
636,3,2024-11-26 17:17:37,2025-06-18 01:07:33,203,67.66666666666667,0
637,1,2025-11-20 18:57:41,2025-11-20 18:57:41,0,0.0,1
639,1,2025-08-09 20:07:04,2025-08-09 20:07:04,0,0.0,1
640,1,2025-09-20 03:53:01,2025-09-20 03:53:01,0,0.0,1
641,2,2025-03-08 15:09:10,2025-05-24 06:29:26,76,38.0,0
642,3,2025-03-09 03:53:09,2025-10-12 03:21:29,216,72.0,0
644,1,2025-07-20 10:15:40,2025-07-20 10:15:40,0,0.0,1
645,2,2025-02-13 00:57:01,2025-03-04 14:45:13,19,9.5,0
646,3,2025-02-10 16:36:51,2025-11-24 01:51:59,286,95.33333333333331,0
647,1,2025-04-09 18:04:33,2025-04-09 18:04:33,0,0.0,1
648,4,2025-01-05 14:00:21,2025-11-02 05:10:57,300,75.0,0
649,1,2025-10-21 13:48:32,2025-10-21 13:48:32,0,0.0,1
650,2,2025-06-23 23:41:21,2025-11-22 11:52:42,151,75.5,0
651,2,2025-06-12 22:05:25,2025-07-12 13:04:06,29,14.5,0
652,1,2025-01-20 15:10:25,2025-01-20 15:10:25,0,0.0,1
653,1,2025-04-09 02:41:44,2025-04-09 02:41:44,0,0.0,1
654,1,2025-02-12 14:48:14,2025-02-12 14:48:14,0,0.0,1
655,2,2025-01-01 08:30:37,2025-07-15 15:36:02,195,97.5,0
656,2,2024-12-17 20:11:20,2025-02-13 03:06:30,57,28.5,0
657,2,2025-05-14 11:43:02,2025-09-02 12:14:03,111,55.5,0
658,1,2025-08-14 18:49:25,2025-08-14 18:49:25,0,0.0,1
659,3,2025-01-04 21:06:01,2025-11-04 02:06:50,303,101.0,0
660,2,2025-08-16 22:39:20,2025-09-05 03:58:53,19,9.5,0
661,1,2025-09-27 05:18:57,2025-09-27 05:18:57,0,0.0,1
662,1,2025-10-05 15:07:25,2025-10-05 15:07:25,0,0.0,1
663,3,2025-02-19 00:59:23,2025-09-23 21:03:37,216,72.0,0
664,3,2025-07-22 18:55:46,2025-10-03 21:37:17,73,24.33333333333333,0
665,1,2024-12-21 16:41:04,2024-12-21 16:41:04,0,0.0,1
666,1,2025-05-09 22:25:38,2025-05-09 22:25:38,0,0.0,1
667,1,2025-01-06 22:21:18,2025-01-06 22:21:18,0,0.0,1
668,3,2025-05-30 18:37:38,2025-07-12 17:38:10,42,14.0,0
669,1,2025-06-03 18:18:44,2025-06-03 18:18:44,0,0.0,1
670,2,2025-03-17 23:01:57,2025-04-04 01:15:19,17,8.5,0
671,1,2025-07-22 06:50:29,2025-07-22 06:50:29,0,0.0,1
672,2,2025-07-11 04:21:42,2025-10-30 07:37:41,111,55.5,0
673,2,2025-01-03 12:30:25,2025-08-03 05:03:23,211,105.5,0
674,1,2025-02-24 07:20:45,2025-02-24 07:20:45,0,0.0,1
675,1,2025-01-30 18:30:40,2025-01-30 18:30:40,0,0.0,1
676,6,2024-12-28 18:11:49,2025-09-23 21:52:17,269,44.833333333333336,0
677,1,2025-10-20 23:21:57,2025-10-20 23:21:57,0,0.0,1
678,1,2024-12-21 20:50:10,2024-12-21 20:50:10,0,0.0,1
679,5,2025-01-28 06:17:22,2025-11-21 03:23:27,296,59.2,0
680,1,2025-02-01 03:46:56,2025-02-01 03:46:56,0,0.0,1
681,3,2025-06-15 02:26:46,2025-08-16 02:06:37,61,20.33333333333333,0
682,3,2024-11-25 00:54:09,2025-10-22 17:18:24,331,110.33333333333331,0
683,2,2025-04-18 02:52:20,2025-06-14 22:59:30,57,28.5,0
684,1,2025-09-11 02:36:44,2025-09-11 02:36:44,0,0.0,1
685,2,2025-03-29 17:48:35,2025-06-29 22:34:28,92,46.0,0
686,3,2025-06-21 01:19:58,2025-11-17 17:42:20,149,49.66666666666666,0
687,1,2025-02-04 20:11:03,2025-02-04 20:11:03,0,0.0,1
688,1,2025-08-02 12:52:32,2025-08-02 12:52:32,0,0.0,1
689,2,2025-06-12 12:22:40,2025-06-28 11:48:19,15,7.5,0
690,5,2025-01-11 19:08:54,2025-10-04 03:53:52,265,53.0,0
691,2,2025-01-01 02:07:06,2025-11-11 09:45:06,314,157.0,0
692,2,2025-03-19 15:15:19,2025-06-07 18:01:28,80,40.0,0
693,2,2025-01-05 01:56:12,2025-10-17 17:28:54,285,142.5,0
695,1,2025-11-09 12:57:53,2025-11-09 12:57:53,0,0.0,1
696,1,2025-06-08 17:11:17,2025-06-08 17:11:17,0,0.0,1
698,2,2025-02-21 08:48:14,2025-11-06 17:26:20,258,129.0,0
701,2,2025-02-01 01:47:10,2025-07-19 17:34:03,168,84.0,0
702,2,2025-07-03 04:23:50,2025-08-30 13:51:11,58,29.0,0
703,1,2024-11-30 23:58:08,2024-11-30 23:58:08,0,0.0,1
705,2,2024-11-29 13:42:22,2025-02-03 00:50:37,65,32.5,0
706,3,2025-05-11 20:29:28,2025-11-16 12:03:03,188,62.66666666666666,0
707,1,2025-01-23 23:57:42,2025-01-23 23:57:42,0,0.0,1
708,1,2025-02-28 00:06:18,2025-02-28 00:06:18,0,0.0,1
710,2,2025-03-27 19:17:57,2025-09-11 12:25:00,167,83.5,0
711,1,2025-08-29 01:49:15,2025-08-29 01:49:15,0,0.0,1
712,2,2025-05-04 00:56:09,2025-09-29 08:38:13,148,74.0,0
713,2,2025-05-05 02:15:33,2025-11-07 08:10:52,186,93.0,0
714,1,2025-06-07 18:35:17,2025-06-07 18:35:17,0,0.0,1
715,2,2024-12-21 23:01:02,2025-10-27 15:05:51,309,154.5,0
717,2,2025-04-21 07:53:10,2025-07-11 15:01:36,81,40.5,0
718,3,2025-01-18 01:22:15,2025-08-06 07:29:32,200,66.66666666666667,0
719,2,2025-04-25 07:38:19,2025-07-29 22:20:28,95,47.5,0
720,3,2025-01-02 10:59:13,2025-10-08 09:07:33,278,92.66666666666669,0
721,2,2024-12-04 16:11:17,2025-03-11 11:35:43,96,48.0,0
722,3,2025-01-07 23:35:42,2025-10-13 22:35:30,278,92.66666666666669,0
723,1,2025-02-09 09:26:53,2025-02-09 09:26:53,0,0.0,1
724,2,2025-04-19 06:33:06,2025-11-20 14:52:34,215,107.5,0
725,2,2025-03-13 08:36:18,2025-11-08 03:47:04,239,119.5,0
726,1,2025-04-10 10:19:42,2025-04-10 10:19:42,0,0.0,1
727,4,2024-11-27 00:16:41,2025-07-05 13:46:12,220,55.0,0
728,2,2025-04-30 12:03:51,2025-06-09 22:35:09,40,20.0,0
730,2,2024-12-08 04:03:24,2025-07-17 13:25:39,221,110.5,0
732,3,2025-01-09 02:07:03,2025-04-13 20:34:28,94,31.33333333333333,0
733,3,2024-12-15 02:05:54,2025-06-06 06:37:02,173,57.66666666666666,0
734,3,2024-12-13 03:57:55,2025-07-08 00:39:34,206,68.66666666666667,0
735,2,2025-07-30 12:34:39,2025-09-04 04:32:24,35,17.5,0
736,1,2025-07-08 00:00:32,2025-07-08 00:00:32,0,0.0,1
738,4,2025-05-10 20:11:16,2025-08-09 07:48:44,90,22.5,0
740,1,2025-03-31 02:14:48,2025-03-31 02:14:48,0,0.0,1
741,1,2025-01-14 12:50:27,2025-01-14 12:50:27,0,0.0,1
742,1,2025-04-21 10:17:49,2025-04-21 10:17:49,0,0.0,1
746,2,2025-10-04 18:20:49,2025-10-23 03:07:15,18,9.0,0
747,3,2024-12-31 18:56:47,2025-08-20 09:19:01,231,77.0,0
748,3,2025-10-07 22:47:32,2025-11-12 03:12:44,35,11.666666666666666,0
749,1,2025-10-11 14:48:10,2025-10-11 14:48:10,0,0.0,1
750,1,2025-08-29 19:49:04,2025-08-29 19:49:04,0,0.0,1
751,1,2025-01-08 21:54:00,2025-01-08 21:54:00,0,0.0,1
753,2,2025-01-30 17:14:37,2025-11-18 18:56:50,292,146.0,0
754,2,2025-02-04 11:55:37,2025-10-23 11:32:05,260,130.0,0
755,1,2025-04-02 07:15:49,2025-04-02 07:15:49,0,0.0,1
756,4,2024-12-02 21:57:56,2025-08-19 04:51:29,259,64.75,0
757,2,2025-02-17 14:33:19,2025-10-30 05:20:37,254,127.0,0
758,2,2025-01-07 22:16:07,2025-07-23 22:01:54,196,98.0,0
759,2,2025-08-17 22:32:39,2025-10-31 07:21:21,74,37.0,0
760,3,2024-12-03 21:11:07,2025-09-28 00:20:27,298,99.33333333333331,0
763,4,2025-02-19 19:43:58,2025-09-26 21:19:10,219,54.75,0
764,1,2025-06-08 22:06:27,2025-06-08 22:06:27,0,0.0,1
766,3,2025-04-18 11:17:37,2025-10-18 12:38:46,183,61.0,0
767,1,2025-10-29 06:23:21,2025-10-29 06:23:21,0,0.0,1
768,2,2025-04-28 13:09:57,2025-05-07 03:46:15,8,4.0,0
769,1,2024-12-11 21:09:27,2024-12-11 21:09:27,0,0.0,1
770,1,2025-08-18 01:16:41,2025-08-18 01:16:41,0,0.0,1
772,3,2024-11-26 12:08:41,2025-11-09 19:58:58,348,116.0,0
773,2,2025-04-24 22:05:14,2025-11-16 09:06:26,205,102.5,0
774,1,2025-07-18 12:20:18,2025-07-18 12:20:18,0,0.0,1
775,2,2025-04-26 14:21:14,2025-09-23 17:53:56,150,75.0,0
776,4,2025-02-03 19:56:01,2025-06-14 01:06:08,130,32.5,0
777,3,2025-01-23 14:45:47,2025-03-05 20:25:05,41,13.666666666666666,0
778,1,2025-01-27 22:55:58,2025-01-27 22:55:58,0,0.0,1
779,1,2025-09-27 07:42:47,2025-09-27 07:42:47,0,0.0,1
780,1,2025-03-28 16:36:08,2025-03-28 16:36:08,0,0.0,1
781,2,2024-12-27 23:25:17,2025-10-18 10:25:51,294,147.0,0
782,1,2025-07-01 16:22:47,2025-07-01 16:22:47,0,0.0,1
784,3,2025-02-04 23:52:49,2025-07-18 02:12:54,163,54.333333333333336,0
785,2,2025-08-01 20:25:33,2025-10-15 22:45:01,75,37.5,0
786,2,2025-02-02 18:11:01,2025-07-13 21:20:44,161,80.5,0
787,2,2024-12-23 06:37:09,2025-04-25 12:08:28,123,61.5,0
788,2,2024-12-26 02:32:28,2025-07-20 04:05:56,206,103.0,0
790,1,2025-05-25 21:51:30,2025-05-25 21:51:30,0,0.0,1
791,1,2025-05-27 16:32:51,2025-05-27 16:32:51,0,0.0,1
792,3,2024-12-03 07:42:12,2025-05-16 14:05:22,164,54.66666666666666,0
793,1,2025-06-09 19:24:35,2025-06-09 19:24:35,0,0.0,1
794,4,2025-03-16 08:36:12,2025-09-25 00:11:54,192,48.0,0
795,1,2024-12-08 03:33:45,2024-12-08 03:33:45,0,0.0,1
796,2,2024-12-03 07:51:02,2025-08-15 19:44:50,255,127.5,0
797,3,2025-04-26 10:16:22,2025-09-28 00:59:31,154,51.333333333333336,0
798,1,2025-10-11 11:09:55,2025-10-11 11:09:55,0,0.0,1
799,2,2025-05-06 03:47:12,2025-05-12 12:57:43,6,3.0,0
800,1,2025-03-13 23:08:52,2025-03-13 23:08:52,0,0.0,1
801,3,2024-12-17 21:10:47,2025-11-19 11:56:25,336,112.0,0
802,2,2025-02-14 04:26:46,2025-02-16 21:34:45,2,1.0,0
803,3,2024-12-20 04:48:39,2025-05-31 01:28:00,161,53.66666666666666,0
804,2,2025-02-26 06:47:20,2025-09-05 20:12:53,191,95.5,0
805,1,2025-04-01 04:59:34,2025-04-01 04:59:34,0,0.0,1
809,2,2025-07-30 17:17:17,2025-09-08 05:39:00,39,19.5,0
810,1,2025-05-29 11:44:26,2025-05-29 11:44:26,0,0.0,1
811,3,2024-11-29 14:44:47,2025-08-03 05:41:39,246,82.0,0
812,1,2025-04-24 07:11:50,2025-04-24 07:11:50,0,0.0,1
813,4,2024-12-07 16:50:08,2025-09-05 01:12:03,271,67.75,0
814,1,2025-07-05 10:46:00,2025-07-05 10:46:00,0,0.0,1
815,4,2025-03-06 15:55:58,2025-11-15 13:03:58,253,63.25,0
816,1,2025-10-27 22:25:53,2025-10-27 22:25:53,0,0.0,1
817,1,2025-03-17 21:06:24,2025-03-17 21:06:24,0,0.0,1
818,1,2025-06-09 21:09:59,2025-06-09 21:09:59,0,0.0,1
819,2,2025-06-06 10:09:22,2025-08-12 19:45:39,67,33.5,0
820,2,2025-04-10 13:53:53,2025-08-20 00:42:03,131,65.5,0
821,1,2025-03-09 18:09:38,2025-03-09 18:09:38,0,0.0,1
822,2,2025-02-10 06:51:27,2025-10-17 20:18:06,249,124.5,0
823,2,2025-07-29 11:07:43,2025-10-31 12:29:32,94,47.0,0
824,4,2024-11-25 21:57:30,2025-11-01 02:08:28,340,85.0,0
825,3,2025-02-04 14:32:58,2025-11-14 23:39:11,283,94.33333333333331,0
826,2,2025-07-28 22:52:44,2025-08-29 14:27:56,31,15.5,0
827,3,2025-02-02 23:45:53,2025-05-07 13:05:29,93,31.0,0
828,2,2025-05-25 10:57:10,2025-08-31 04:20:48,97,48.5,0
829,4,2025-01-09 17:08:09,2025-08-31 23:08:49,234,58.5,0
832,2,2025-05-01 20:54:01,2025-07-17 13:56:50,76,38.0,0
833,1,2025-02-10 10:51:35,2025-02-10 10:51:35,0,0.0,1
834,1,2025-08-09 11:35:16,2025-08-09 11:35:16,0,0.0,1
835,2,2025-01-10 03:53:36,2025-07-31 06:33:03,202,101.0,0
837,2,2025-07-18 08:10:42,2025-09-08 10:58:31,52,26.0,0
838,2,2025-04-22 00:54:24,2025-05-02 03:49:20,10,5.0,0
839,4,2024-11-27 23:34:17,2025-09-29 15:32:12,305,76.25,0
840,2,2025-03-10 14:46:58,2025-08-26 23:08:59,169,84.5,0
842,1,2025-05-05 14:15:01,2025-05-05 14:15:01,0,0.0,1
843,2,2025-04-15 09:25:08,2025-07-18 16:31:36,94,47.0,0
844,4,2024-12-10 06:04:45,2025-10-12 14:59:13,306,76.5,0
845,2,2024-12-19 21:18:56,2025-08-06 09:10:57,229,114.5,0
846,2,2025-11-02 17:10:12,2025-11-21 18:37:45,19,9.5,0
847,2,2025-03-29 23:39:48,2025-08-20 16:03:41,143,71.5,0
848,4,2024-12-31 22:54:45,2025-11-13 07:41:24,316,79.0,0
849,6,2024-12-13 01:23:14,2025-10-30 09:25:16,321,53.5,0
850,1,2025-04-23 16:52:43,2025-04-23 16:52:43,0,0.0,1
851,3,2024-11-26 15:55:37,2025-02-09 22:37:43,75,25.0,0
852,4,2024-12-08 11:40:58,2025-06-23 12:55:42,197,49.25,0
853,1,2025-10-30 21:31:45,2025-10-30 21:31:45,0,0.0,1
854,2,2025-01-02 11:40:40,2025-08-13 06:59:09,222,111.0,0
855,3,2024-11-25 14:36:55,2025-08-11 00:20:27,258,86.0,0
856,1,2024-12-28 09:32:50,2024-12-28 09:32:50,0,0.0,1
857,1,2025-09-17 08:45:38,2025-09-17 08:45:38,0,0.0,1
859,2,2025-02-27 12:11:38,2025-10-04 09:53:55,218,109.0,0
861,2,2025-04-10 16:03:52,2025-07-30 10:13:29,110,55.0,0
864,3,2025-06-16 10:10:12,2025-09-25 20:54:14,101,33.666666666666664,0
865,6,2025-01-20 09:47:29,2025-10-14 10:08:45,267,44.5,0
867,3,2024-12-04 13:06:27,2025-09-20 01:20:01,289,96.33333333333331,0
868,2,2025-01-10 17:12:49,2025-09-20 20:58:01,253,126.5,0
869,5,2024-11-26 17:01:04,2025-11-15 14:38:49,353,70.6,0
870,1,2025-06-01 21:48:06,2025-06-01 21:48:06,0,0.0,1
872,1,2025-07-16 10:28:23,2025-07-16 10:28:23,0,0.0,1
873,4,2025-03-16 02:54:07,2025-10-30 07:41:08,228,57.0,0
874,1,2025-11-04 12:55:07,2025-11-04 12:55:07,0,0.0,1
876,2,2025-01-05 12:22:07,2025-04-18 00:30:28,102,51.0,0
877,3,2025-04-06 02:24:04,2025-10-16 05:07:51,193,64.33333333333333,0
878,3,2025-08-19 09:35:03,2025-11-01 05:42:18,73,24.33333333333333,0
882,1,2025-05-16 10:11:43,2025-05-16 10:11:43,0,0.0,1
884,2,2025-02-24 04:16:17,2025-04-21 12:08:05,56,28.0,0
885,1,2025-01-26 13:57:52,2025-01-26 13:57:52,0,0.0,1
886,4,2024-12-14 03:01:08,2025-05-25 23:49:06,162,40.5,0
887,1,2025-08-20 19:18:55,2025-08-20 19:18:55,0,0.0,1
888,1,2025-02-24 13:54:24,2025-02-24 13:54:24,0,0.0,1
889,4,2025-02-08 18:49:15,2025-09-22 22:29:56,226,56.5,0
890,1,2025-10-29 21:01:54,2025-10-29 21:01:54,0,0.0,1
891,1,2025-11-23 21:21:11,2025-11-23 21:21:11,0,0.0,1
893,1,2025-11-21 00:36:03,2025-11-21 00:36:03,0,0.0,1
894,3,2025-01-03 07:04:20,2025-04-27 22:44:00,114,38.0,0
896,1,2025-08-24 00:29:47,2025-08-24 00:29:47,0,0.0,1
897,3,2025-08-12 06:42:38,2025-10-14 17:23:16,63,21.0,0
898,1,2025-09-09 16:22:17,2025-09-09 16:22:17,0,0.0,1
899,2,2025-06-04 03:44:00,2025-10-03 00:47:00,120,60.0,0
900,1,2024-12-26 00:31:36,2024-12-26 00:31:36,0,0.0,1
901,2,2025-01-18 11:47:32,2025-07-23 22:44:41,186,93.0,0
902,2,2025-02-28 13:42:58,2025-04-04 20:40:26,35,17.5,0
903,3,2025-03-04 07:19:54,2025-06-15 12:35:42,103,34.333333333333336,0
904,2,2025-06-08 00:29:50,2025-07-15 12:24:34,37,18.5,0
906,4,2024-12-08 16:56:03,2025-08-21 04:37:42,255,63.75,0
907,3,2025-02-22 11:53:20,2025-11-14 18:39:42,265,88.33333333333333,0
908,2,2025-04-06 20:58:51,2025-04-15 18:23:11,8,4.0,0
909,2,2025-01-07 04:34:47,2025-08-26 02:24:53,230,115.0,0
910,1,2025-09-08 07:16:02,2025-09-08 07:16:02,0,0.0,1
911,3,2025-05-04 08:36:12,2025-07-28 20:59:19,85,28.33333333333333,0
912,3,2024-12-09 13:39:00,2025-08-05 16:28:33,239,79.66666666666667,0
914,1,2025-08-02 16:53:46,2025-08-02 16:53:46,0,0.0,1
915,2,2024-12-12 09:09:33,2025-08-12 11:47:00,243,121.5,0
916,4,2025-08-22 19:43:00,2025-10-26 11:11:22,64,16.0,0
918,2,2025-05-19 20:37:27,2025-10-13 00:50:52,146,73.0,0
919,3,2025-02-06 06:43:00,2025-07-27 12:11:45,171,57.0,0
920,2,2024-12-01 14:59:07,2025-09-13 19:57:10,286,143.0,0
921,2,2024-12-09 10:47:17,2025-07-28 07:05:23,230,115.0,0
922,1,2025-10-05 17:03:16,2025-10-05 17:03:16,0,0.0,1
923,2,2024-11-26 23:45:38,2025-04-17 11:55:32,141,70.5,0
924,1,2025-07-22 12:00:24,2025-07-22 12:00:24,0,0.0,1
925,1,2025-11-11 01:16:45,2025-11-11 01:16:45,0,0.0,1
926,3,2025-07-17 09:14:22,2025-11-06 23:32:45,112,37.333333333333336,0
927,3,2025-02-18 16:57:06,2025-10-30 09:22:11,253,84.33333333333333,0
928,2,2025-03-02 22:34:41,2025-04-18 07:36:07,46,23.0,0
929,1,2025-06-10 06:18:24,2025-06-10 06:18:24,0,0.0,1
930,5,2025-04-09 11:59:37,2025-10-21 00:50:24,194,38.8,0
931,4,2025-04-13 03:09:49,2025-10-21 00:23:09,190,47.5,0
932,1,2024-11-25 13:43:18,2024-11-25 13:43:18,0,0.0,1
933,2,2024-12-08 18:05:35,2025-03-12 09:54:50,93,46.5,0
934,2,2025-10-04 10:49:52,2025-10-30 08:58:29,25,12.5,0
935,2,2025-04-07 12:16:44,2025-05-10 02:21:50,32,16.0,0
936,2,2025-04-25 20:44:18,2025-09-11 12:21:07,138,69.0,0
937,2,2025-07-08 01:54:20,2025-09-21 07:56:23,75,37.5,0
938,4,2025-01-27 01:24:27,2025-03-19 18:28:22,51,12.75,0
939,1,2025-06-14 11:33:00,2025-06-14 11:33:00,0,0.0,1
940,2,2025-04-22 09:33:43,2025-10-10 07:49:26,170,85.0,0
941,3,2025-01-26 10:23:58,2025-07-12 04:19:43,166,55.333333333333336,0
942,1,2025-01-26 17:44:19,2025-01-26 17:44:19,0,0.0,1
943,2,2025-05-26 05:05:59,2025-09-05 20:33:44,102,51.0,0
944,1,2025-09-27 18:43:21,2025-09-27 18:43:21,0,0.0,1
945,3,2024-11-25 22:53:31,2025-10-27 10:34:17,335,111.66666666666669,0
946,5,2025-02-24 06:16:57,2025-10-08 21:34:29,226,45.2,0
947,2,2025-03-05 07:40:26,2025-08-26 08:56:53,174,87.0,0
950,3,2025-01-29 01:49:26,2025-09-18 10:39:35,232,77.33333333333333,0
951,2,2025-03-29 19:53:01,2025-08-26 20:37:46,150,75.0,0
953,2,2024-12-17 17:43:36,2025-05-05 02:57:39,138,69.0,0
954,3,2025-08-22 14:30:35,2025-10-21 21:04:30,60,20.0,0
955,4,2025-01-28 18:38:39,2025-09-21 15:12:27,235,58.75,0
956,1,2025-08-07 15:50:55,2025-08-07 15:50:55,0,0.0,1
957,3,2025-06-27 10:36:03,2025-10-04 02:02:00,98,32.666666666666664,0
958,1,2025-10-27 13:57:50,2025-10-27 13:57:50,0,0.0,1
959,2,2025-10-19 17:55:02,2025-11-08 06:08:06,19,9.5,0
961,1,2025-03-30 19:47:09,2025-03-30 19:47:09,0,0.0,1
962,2,2025-03-21 15:17:01,2025-08-29 00:11:44,160,80.0,0
963,4,2025-01-10 03:17:29,2025-10-17 03:44:19,280,70.0,0
964,1,2025-04-02 18:34:11,2025-04-02 18:34:11,0,0.0,1
965,1,2025-08-02 07:34:45,2025-08-02 07:34:45,0,0.0,1
966,3,2025-04-02 15:02:05,2025-07-25 03:36:52,113,37.66666666666666,0
967,1,2024-12-28 00:50:00,2024-12-28 00:50:00,0,0.0,1
968,2,2025-09-13 16:40:44,2025-10-23 01:41:25,39,19.5,0
969,4,2025-02-27 20:34:08,2025-07-30 14:38:02,152,38.0,0
970,3,2025-02-17 22:40:16,2025-06-21 13:12:05,123,41.0,0
973,2,2025-02-17 23:14:51,2025-11-13 04:09:52,268,134.0,0
974,3,2025-02-20 21:10:35,2025-09-14 21:22:09,206,68.66666666666667,0
976,1,2025-03-14 05:27:53,2025-03-14 05:27:53,0,0.0,1
977,1,2025-10-17 16:09:37,2025-10-17 16:09:37,0,0.0,1
978,3,2025-01-13 06:23:48,2025-05-01 20:56:09,108,36.0,0
979,1,2025-09-10 00:14:44,2025-09-10 00:14:44,0,0.0,1
980,3,2025-03-03 17:16:49,2025-08-13 06:49:13,162,54.0,0
981,1,2025-08-17 16:48:46,2025-08-17 16:48:46,0,0.0,1
982,2,2025-05-17 02:17:01,2025-06-11 10:56:49,25,12.5,0
983,3,2025-01-29 09:04:12,2025-06-23 22:39:59,145,48.333333333333336,0
984,2,2025-08-05 15:40:08,2025-08-29 20:00:01,24,12.0,0
985,1,2025-10-05 03:03:38,2025-10-05 03:03:38,0,0.0,1
986,3,2025-02-24 16:15:55,2025-10-22 10:16:25,239,79.66666666666667,0
987,2,2025-07-04 06:18:13,2025-10-18 11:13:45,106,53.0,0
988,1,2025-11-15 00:16:01,2025-11-15 00:16:01,0,0.0,1
989,5,2025-05-24 16:49:10,2025-11-14 09:45:28,173,34.6,0
990,2,2024-11-28 08:53:12,2024-12-27 12:02:32,29,14.5,0
991,1,2025-05-02 14:18:07,2025-05-02 14:18:07,0,0.0,1
992,1,2025-11-13 02:43:55,2025-11-13 02:43:55,0,0.0,1
993,2,2025-10-03 02:50:13,2025-10-19 00:31:42,15,7.5,0
994,3,2025-02-10 21:22:52,2025-11-07 18:09:39,269,89.66666666666667,0
995,2,2025-05-02 22:26:04,2025-10-20 14:45:35,170,85.0,0
996,2,2025-04-26 01:43:23,2025-10-24 02:33:51,181,90.5,0
997,4,2025-05-17 19:56:17,2025-11-15 20:50:46,182,45.5,0
998,3,2025-06-15 08:13:03,2025-09-23 02:56:59,99,33.0,0
999,1,2025-05-20 01:01:58,2025-05-20 01:01:58,0,0.0,1
1001,1,2025-08-05 12:19:40,2025-08-05 12:19:40,0,0.0,1
1002,2,2024-12-15 19:34:37,2025-04-15 17:17:52,120,60.0,0
1003,2,2025-06-13 18:00:01,2025-08-10 18:30:18,58,29.0,0
1004,1,2025-09-04 13:18:37,2025-09-04 13:18:37,0,0.0,1
1005,1,2025-10-16 13:01:13,2025-10-16 13:01:13,0,0.0,1
1006,2,2025-05-01 19:12:44,2025-10-16 01:53:49,167,83.5,0
1007,1,2025-01-23 03:23:19,2025-01-23 03:23:19,0,0.0,1
1008,1,2025-09-20 20:09:22,2025-09-20 20:09:22,0,0.0,1
1009,4,2025-05-31 23:10:27,2025-11-12 18:59:04,164,41.0,0
1010,2,2025-01-30 16:41:37,2025-11-21 19:16:58,295,147.5,0
1011,2,2024-12-22 10:46:51,2025-07-09 18:05:43,199,99.5,0
1012,3,2025-03-17 06:53:25,2025-08-02 12:03:40,138,46.0,0
1013,4,2025-03-02 13:34:51,2025-08-29 15:05:27,180,45.0,0
1014,2,2024-12-10 03:03:30,2025-08-29 14:05:56,262,131.0,0
1015,2,2024-12-14 02:21:00,2025-11-10 00:29:57,330,165.0,0
1016,2,2025-09-20 01:41:46,2025-11-08 09:30:14,49,24.5,0
1017,1,2025-03-12 12:11:27,2025-03-12 12:11:27,0,0.0,1
1018,2,2025-02-03 08:43:33,2025-02-04 18:37:54,1,0.5,0
1019,6,2025-03-30 16:25:10,2025-09-09 10:59:48,162,27.0,0
1020,2,2025-02-14 11:46:25,2025-03-18 09:52:56,31,15.5,0
1021,2,2024-12-13 12:47:40,2025-06-02 08:28:27,170,85.0,0
1022,5,2025-05-22 20:59:42,2025-10-23 12:04:24,153,30.6,0
1025,1,2025-04-13 04:41:45,2025-04-13 04:41:45,0,0.0,1
1027,2,2025-02-17 15:19:42,2025-08-16 21:03:06,180,90.0,0
1028,3,2025-03-13 23:09:59,2025-11-06 07:32:20,237,79.0,0
1029,2,2025-02-20 00:26:53,2025-07-24 00:32:28,154,77.0,0
1031,2,2025-09-03 20:48:40,2025-09-17 05:39:38,13,6.5,0
1032,4,2024-11-29 03:32:06,2025-09-10 14:57:32,285,71.25,0
1033,3,2025-01-22 23:38:34,2025-08-08 01:16:28,197,65.66666666666667,0
1034,4,2024-12-07 23:16:13,2025-10-23 12:56:57,319,79.75,0
1035,1,2025-11-06 19:01:17,2025-11-06 19:01:17,0,0.0,1
1036,3,2025-01-29 01:37:49,2025-09-13 19:31:19,227,75.66666666666667,0
1038,6,2025-04-04 05:14:45,2025-10-17 18:34:09,196,32.666666666666664,0
1039,3,2025-01-09 18:44:44,2025-07-01 05:38:05,172,57.333333333333336,0
1041,1,2024-11-28 17:46:20,2024-11-28 17:46:20,0,0.0,1
1042,3,2025-02-20 19:15:24,2025-08-17 19:44:18,178,59.333333333333336,0
1043,3,2025-01-31 09:15:50,2025-06-18 00:45:56,137,45.66666666666666,0
1044,3,2024-12-16 00:17:32,2025-11-20 08:07:43,339,113.0,0
1045,2,2025-02-13 17:57:14,2025-03-04 15:14:34,18,9.0,0
1046,3,2025-05-28 06:46:01,2025-09-18 17:24:45,113,37.66666666666666,0
1047,3,2024-12-06 18:36:26,2025-04-20 08:32:59,134,44.66666666666666,0
1048,2,2024-11-24 22:51:04,2025-10-03 09:49:30,312,156.0,0
1049,2,2025-06-29 12:06:06,2025-08-09 05:58:47,40,20.0,0
1050,2,2025-02-13 23:37:01,2025-08-25 08:34:45,192,96.0,0
1051,2,2024-12-19 03:48:01,2025-03-13 23:58:16,84,42.0,0
1052,4,2025-01-06 12:06:00,2025-06-14 18:15:51,159,39.75,0
1053,4,2025-01-01 15:48:54,2025-07-09 02:46:59,188,47.0,0
1054,4,2024-12-05 15:47:12,2025-11-08 05:18:04,337,84.25,0
1055,2,2025-03-15 00:36:47,2025-07-21 16:29:30,128,64.0,0
1056,1,2025-09-11 00:39:13,2025-09-11 00:39:13,0,0.0,1
1057,1,2025-06-23 12:21:50,2025-06-23 12:21:50,0,0.0,1
1058,1,2025-04-16 16:46:31,2025-04-16 16:46:31,0,0.0,1
1059,1,2025-01-28 00:32:29,2025-01-28 00:32:29,0,0.0,1
1060,1,2025-07-31 11:29:59,2025-07-31 11:29:59,0,0.0,1
1062,2,2025-07-17 04:50:18,2025-10-08 06:12:55,83,41.5,0
1065,1,2025-04-02 14:40:32,2025-04-02 14:40:32,0,0.0,1
1066,3,2025-03-09 06:05:39,2025-07-10 09:07:47,123,41.0,0
1067,2,2025-02-10 17:28:47,2025-11-03 15:07:48,265,132.5,0
1069,5,2025-02-08 21:16:27,2025-10-18 04:43:07,251,50.2,0
1070,2,2025-03-22 11:42:12,2025-08-26 19:03:59,157,78.5,0
1071,1,2025-01-30 16:17:22,2025-01-30 16:17:22,0,0.0,1
1072,2,2025-01-28 12:36:59,2025-03-19 03:43:57,49,24.5,0
1074,3,2025-01-03 08:06:46,2025-05-12 19:23:17,129,43.0,0
1075,2,2025-01-08 08:55:22,2025-06-24 04:49:22,166,83.0,0
1076,3,2024-11-29 03:15:40,2025-02-26 23:01:48,89,29.666666666666668,0
1077,3,2025-05-29 17:18:05,2025-10-07 07:07:59,130,43.333333333333336,0
1078,1,2025-11-21 06:25:00,2025-11-21 06:25:00,0,0.0,1
1079,3,2024-11-26 13:05:56,2025-10-17 12:41:16,324,108.0,0
1080,2,2025-01-08 22:49:55,2025-05-09 12:21:39,120,60.0,0
1081,1,2025-10-25 12:32:10,2025-10-25 12:32:10,0,0.0,1
1082,3,2024-11-26 16:53:26,2025-07-13 16:32:09,228,76.0,0
1083,5,2025-04-03 03:53:50,2025-08-14 08:25:44,133,26.6,0
1084,1,2025-03-24 01:13:29,2025-03-24 01:13:29,0,0.0,1
1085,3,2025-02-02 15:21:03,2025-09-20 23:29:40,230,76.66666666666667,0
1086,4,2025-01-04 08:04:11,2025-05-16 13:34:14,132,33.0,0
1087,1,2025-05-19 03:23:07,2025-05-19 03:23:07,0,0.0,1
1088,2,2025-06-02 06:14:21,2025-07-05 10:56:34,33,16.5,0
1089,2,2025-06-14 09:20:11,2025-09-14 20:17:56,92,46.0,0
1091,2,2025-08-16 05:02:19,2025-10-13 09:09:21,58,29.0,0
1092,1,2025-03-25 22:24:52,2025-03-25 22:24:52,0,0.0,1
1093,1,2025-07-05 07:35:29,2025-07-05 07:35:29,0,0.0,1
1094,1,2025-09-05 13:51:43,2025-09-05 13:51:43,0,0.0,1
1095,2,2024-11-25 15:47:36,2024-12-19 15:47:09,23,11.5,0
1096,3,2025-02-21 23:56:25,2025-07-13 20:59:30,141,47.0,0
1097,4,2024-12-15 20:40:14,2025-06-18 21:14:13,185,46.25,0
1099,3,2025-02-19 11:09:25,2025-10-14 21:42:33,237,79.0,0
1100,2,2025-10-07 17:59:20,2025-10-11 19:19:07,4,2.0,0
1102,3,2025-01-07 09:29:03,2025-06-02 12:56:24,146,48.66666666666666,0
1104,3,2024-12-24 13:22:35,2025-11-01 17:43:46,312,104.0,0
1105,2,2025-08-05 07:14:03,2025-10-14 21:05:22,70,35.0,0
1106,1,2025-06-26 04:46:37,2025-06-26 04:46:37,0,0.0,1
1107,3,2025-02-24 07:29:45,2025-08-01 08:00:31,158,52.66666666666666,0
1108,2,2024-12-03 18:23:32,2025-03-11 10:18:33,97,48.5,0
1109,3,2024-11-30 10:40:52,2025-10-27 08:49:27,330,110.0,0
1110,4,2025-01-31 06:02:17,2025-06-03 12:14:48,123,30.75,0
1113,2,2024-12-01 17:05:34,2025-08-13 03:42:37,254,127.0,0
1114,2,2025-01-22 20:49:14,2025-11-04 14:01:42,285,142.5,0
1115,2,2025-01-08 20:45:53,2025-04-29 05:58:10,110,55.0,0
1116,2,2025-05-05 23:00:35,2025-06-08 00:48:52,33,16.5,0
1118,4,2025-05-28 10:49:32,2025-10-20 17:12:08,145,36.25,0
1119,1,2025-10-11 03:09:02,2025-10-11 03:09:02,0,0.0,1
1120,2,2024-11-27 00:55:23,2025-05-27 07:26:33,181,90.5,0
1121,1,2025-02-08 15:26:26,2025-02-08 15:26:26,0,0.0,1
1122,1,2025-06-05 05:10:47,2025-06-05 05:10:47,0,0.0,1
1123,2,2025-01-16 10:58:22,2025-04-07 07:04:37,80,40.0,0
1125,4,2025-03-29 18:53:36,2025-10-12 22:21:20,197,49.25,0
1127,2,2025-09-07 22:18:55,2025-11-23 02:09:39,76,38.0,0
1128,2,2025-02-02 15:28:03,2025-11-11 06:38:39,281,140.5,0
1129,2,2025-06-21 23:09:29,2025-07-03 06:54:15,11,5.5,0
1130,1,2025-08-17 04:09:17,2025-08-17 04:09:17,0,0.0,1
1131,3,2024-12-30 03:56:22,2025-03-24 16:21:06,84,28.0,0
1132,2,2025-11-01 11:53:01,2025-11-07 05:16:51,5,2.5,0
1134,2,2025-03-16 02:59:37,2025-11-12 06:27:26,241,120.5,0
1135,2,2025-07-16 11:25:27,2025-11-22 12:34:13,129,64.5,0
1136,2,2024-12-12 21:00:15,2025-09-23 03:20:46,284,142.0,0
1137,2,2025-05-16 12:58:38,2025-07-10 13:51:35,55,27.5,0
1138,3,2024-12-04 07:35:19,2025-09-26 17:24:45,296,98.66666666666669,0
1139,3,2025-02-06 01:07:19,2025-05-08 00:08:24,90,30.0,0
1140,2,2025-05-15 22:22:08,2025-11-20 23:52:49,189,94.5,0
1141,2,2025-10-22 03:57:07,2025-11-12 17:16:27,21,10.5,0
1142,2,2025-04-25 01:38:13,2025-06-06 22:16:14,42,21.0,0
1143,1,2025-08-17 09:51:37,2025-08-17 09:51:37,0,0.0,1
1144,3,2025-08-21 04:05:57,2025-10-28 04:09:17,68,22.666666666666668,0
1145,1,2025-10-26 18:29:15,2025-10-26 18:29:15,0,0.0,1
1146,5,2025-03-25 23:18:10,2025-10-12 15:08:46,200,40.0,0
1148,2,2025-03-07 16:54:10,2025-05-12 20:53:41,66,33.0,0
1149,1,2025-07-10 17:54:20,2025-07-10 17:54:20,0,0.0,1
1151,2,2025-10-05 23:35:27,2025-10-26 02:02:17,20,10.0,0
1152,5,2024-12-27 13:55:58,2025-09-05 06:54:08,251,50.2,0
1153,4,2025-04-24 20:42:55,2025-06-13 22:26:06,50,12.5,0
1154,1,2025-06-27 05:47:22,2025-06-27 05:47:22,0,0.0,1
1155,4,2025-04-10 02:28:34,2025-09-05 00:08:30,147,36.75,0
1156,1,2025-04-05 15:09:03,2025-04-05 15:09:03,0,0.0,1
1157,3,2025-02-22 05:54:20,2025-08-28 17:26:33,187,62.333333333333336,0
1158,2,2025-07-25 22:13:20,2025-10-25 11:31:53,91,45.5,0
1159,1,2024-12-16 05:04:44,2024-12-16 05:04:44,0,0.0,1
1161,1,2025-06-11 12:04:45,2025-06-11 12:04:45,0,0.0,1
1163,1,2025-03-01 11:23:48,2025-03-01 11:23:48,0,0.0,1
1164,3,2025-02-01 15:10:23,2025-07-31 14:54:03,179,59.66666666666666,0
1165,4,2025-01-17 13:19:35,2025-08-31 23:53:21,226,56.5,0
1167,1,2025-07-07 15:00:57,2025-07-07 15:00:57,0,0.0,1
1169,1,2025-02-14 06:26:35,2025-02-14 06:26:35,0,0.0,1
1170,3,2025-03-08 21:50:49,2025-05-28 10:14:54,80,26.666666666666668,0
1171,2,2025-06-18 16:29:15,2025-08-17 22:45:09,60,30.0,0
1172,1,2025-01-10 12:05:29,2025-01-10 12:05:29,0,0.0,1
1173,2,2025-04-14 15:11:50,2025-11-04 21:29:09,204,102.0,0
1174,3,2025-01-19 20:49:48,2025-08-06 14:08:35,198,66.0,0
1175,2,2024-12-07 00:37:18,2024-12-28 02:44:21,21,10.5,0
1176,2,2025-09-14 11:44:39,2025-11-16 06:27:16,62,31.0,0
1178,3,2025-01-29 02:16:11,2025-10-12 18:01:40,256,85.33333333333333,0
1179,2,2025-05-21 12:17:46,2025-09-17 22:06:02,119,59.5,0
1180,1,2025-06-14 06:14:25,2025-06-14 06:14:25,0,0.0,1
1182,2,2025-05-19 09:23:29,2025-06-01 14:54:49,13,6.5,0
1183,1,2025-01-11 06:57:06,2025-01-11 06:57:06,0,0.0,1
1184,1,2025-02-21 13:16:27,2025-02-21 13:16:27,0,0.0,1
1185,4,2024-12-19 07:24:19,2025-11-21 16:24:43,337,84.25,0
1186,2,2024-12-24 00:08:21,2025-01-09 13:36:31,16,8.0,0
1187,1,2025-07-18 16:39:40,2025-07-18 16:39:40,0,0.0,1
1188,2,2024-12-29 12:35:10,2025-10-24 20:41:33,299,149.5,0
1189,3,2024-11-27 15:33:12,2025-09-11 14:44:16,287,95.66666666666669,0
1190,3,2025-04-14 06:21:39,2025-11-22 13:21:33,222,74.0,0
1192,3,2025-01-26 15:46:58,2025-06-05 13:18:06,129,43.0,0
1193,2,2025-02-20 00:50:48,2025-09-19 13:08:10,211,105.5,0
1194,1,2025-06-21 08:21:12,2025-06-21 08:21:12,0,0.0,1
1195,2,2025-02-27 06:14:18,2025-07-14 18:54:15,137,68.5,0
1196,1,2025-01-07 01:04:23,2025-01-07 01:04:23,0,0.0,1
1197,1,2025-09-12 05:22:19,2025-09-12 05:22:19,0,0.0,1
1198,3,2025-02-28 17:36:07,2025-06-16 11:00:47,107,35.666666666666664,0
1199,1,2025-09-30 09:35:05,2025-09-30 09:35:05,0,0.0,1
1200,1,2025-02-15 04:24:29,2025-02-15 04:24:29,0,0.0,1
1203,2,2025-02-16 09:42:13,2025-04-04 03:14:22,46,23.0,0
1205,5,2025-05-26 00:04:31,2025-10-06 05:56:24,133,26.6,0
1206,1,2025-06-18 16:54:17,2025-06-18 16:54:17,0,0.0,1
1207,1,2025-04-16 21:26:40,2025-04-16 21:26:40,0,0.0,1
1208,4,2025-01-20 06:52:50,2025-09-21 00:52:50,243,60.75,0
1209,2,2025-05-22 02:54:38,2025-08-14 12:13:14,84,42.0,0
1210,5,2025-01-18 19:37:22,2025-09-17 06:01:28,241,48.2,0
1212,2,2025-05-02 19:59:19,2025-11-23 04:30:14,204,102.0,0
1213,4,2025-03-17 06:01:01,2025-11-24 09:59:07,252,63.0,0
1214,1,2025-01-12 23:18:53,2025-01-12 23:18:53,0,0.0,1
1215,2,2025-04-10 11:07:25,2025-09-04 03:10:29,146,73.0,0
1217,2,2025-01-02 05:03:56,2025-05-25 17:51:21,143,71.5,0
1218,1,2025-08-10 10:13:31,2025-08-10 10:13:31,0,0.0,1
1219,2,2024-12-01 16:43:22,2024-12-15 02:02:25,13,6.5,0
1220,3,2025-01-17 09:46:14,2025-08-04 11:42:11,199,66.33333333333333,0
1221,3,2025-02-07 13:13:32,2025-09-19 03:03:38,223,74.33333333333333,0
1222,2,2025-05-18 21:19:49,2025-06-21 02:10:44,33,16.5,0
1223,2,2025-03-09 16:22:14,2025-06-10 16:15:10,92,46.0,0
1224,2,2025-05-31 13:30:53,2025-09-11 11:28:26,102,51.0,0
1225,2,2025-01-27 18:41:20,2025-10-08 15:15:05,253,126.5,0
1226,4,2024-12-26 18:28:23,2025-09-30 13:08:05,277,69.25,0
1227,1,2025-05-24 16:10:07,2025-05-24 16:10:07,0,0.0,1
1228,1,2024-11-29 04:01:10,2024-11-29 04:01:10,0,0.0,1
1229,3,2025-01-02 14:21:09,2025-06-22 06:28:08,170,56.66666666666666,0
1230,1,2025-07-12 22:53:55,2025-07-12 22:53:55,0,0.0,1
1231,1,2025-01-01 13:34:48,2025-01-01 13:34:48,0,0.0,1
1232,3,2025-04-17 13:59:29,2025-06-30 01:15:56,73,24.33333333333333,0
1233,1,2025-01-20 17:57:39,2025-01-20 17:57:39,0,0.0,1
1234,3,2024-12-23 21:46:25,2025-05-25 12:53:30,152,50.66666666666666,0
1235,2,2025-01-05 14:49:34,2025-04-13 16:29:13,98,49.0,0
1236,2,2025-04-15 21:37:03,2025-10-07 11:05:26,174,87.0,0
1237,3,2025-04-29 09:10:25,2025-09-07 13:39:48,131,43.66666666666666,0
1238,4,2025-05-05 13:23:26,2025-11-14 23:21:28,193,48.25,0
1239,1,2025-05-30 22:30:31,2025-05-30 22:30:31,0,0.0,1
1240,3,2024-12-07 02:43:16,2025-09-09 01:14:59,275,91.66666666666669,0
1243,1,2025-07-16 22:23:05,2025-07-16 22:23:05,0,0.0,1
1244,2,2025-08-19 18:15:50,2025-09-11 00:46:22,22,11.0,0
1245,4,2025-02-01 13:30:54,2025-07-18 05:31:07,166,41.5,0
1247,2,2025-09-06 09:12:01,2025-10-11 11:20:24,35,17.5,0
1248,1,2025-11-12 08:26:32,2025-11-12 08:26:32,0,0.0,1
1250,1,2025-04-06 03:56:39,2025-04-06 03:56:39,0,0.0,1
1252,3,2025-05-31 00:10:38,2025-11-24 01:36:31,177,59.0,0
1253,3,2025-01-16 09:02:30,2025-10-30 02:48:42,286,95.33333333333331,0
1254,2,2025-06-22 06:16:14,2025-09-20 18:33:01,90,45.0,0
1255,2,2025-03-30 15:39:51,2025-05-17 18:42:18,48,24.0,0
1256,2,2025-04-03 09:22:54,2025-07-20 21:53:43,108,54.0,0
1257,1,2025-02-17 02:11:47,2025-02-17 02:11:47,0,0.0,1
1258,2,2025-01-17 21:54:09,2025-03-23 04:51:21,64,32.0,0
1259,4,2025-02-26 21:32:55,2025-10-21 12:31:56,236,59.0,0
1260,1,2025-03-19 12:33:51,2025-03-19 12:33:51,0,0.0,1
1261,1,2025-03-03 18:51:23,2025-03-03 18:51:23,0,0.0,1
1262,4,2024-12-21 23:24:29,2025-10-04 20:17:49,286,71.5,0
1263,2,2025-05-10 15:12:04,2025-09-24 11:18:28,136,68.0,0
1264,1,2025-07-23 12:12:42,2025-07-23 12:12:42,0,0.0,1
1265,4,2024-12-14 12:24:37,2025-10-24 01:35:26,313,78.25,0
1266,2,2025-04-21 04:36:41,2025-11-10 06:42:23,203,101.5,0
1268,3,2025-06-29 04:43:56,2025-10-31 19:36:41,124,41.333333333333336,0
1270,2,2025-01-28 22:11:26,2025-02-17 05:12:36,19,9.5,0
1271,3,2025-04-01 13:45:36,2025-09-17 17:25:32,169,56.333333333333336,0
1273,2,2025-06-13 03:52:18,2025-06-17 09:30:41,4,2.0,0
1274,1,2025-07-25 05:25:59,2025-07-25 05:25:59,0,0.0,1
1275,3,2024-11-26 17:04:45,2025-08-10 22:44:30,257,85.66666666666667,0
1276,1,2025-11-04 23:20:13,2025-11-04 23:20:13,0,0.0,1
1277,2,2024-12-12 17:16:41,2025-07-31 01:27:06,230,115.0,0
1278,2,2025-04-24 07:31:47,2025-11-11 20:53:54,201,100.5,0
1279,1,2025-01-06 11:42:50,2025-01-06 11:42:50,0,0.0,1
1280,3,2025-01-28 17:30:26,2025-03-30 21:55:28,61,20.33333333333333,0
1281,1,2025-11-19 12:03:49,2025-11-19 12:03:49,0,0.0,1
1282,1,2025-05-23 21:35:01,2025-05-23 21:35:01,0,0.0,1
1284,2,2025-02-13 06:23:57,2025-07-16 00:58:57,152,76.0,0
1285,5,2024-12-14 20:26:45,2025-11-23 16:21:44,343,68.6,0
1286,2,2024-11-26 01:29:30,2025-10-24 15:52:16,332,166.0,0
1287,1,2025-05-04 09:28:42,2025-05-04 09:28:42,0,0.0,1
1288,1,2024-12-26 14:24:28,2024-12-26 14:24:28,0,0.0,1
1289,2,2025-04-16 15:56:56,2025-04-25 16:11:48,9,4.5,0
1290,3,2025-01-13 07:35:46,2025-07-06 08:27:13,174,58.0,0
1292,2,2025-02-08 17:03:34,2025-04-24 09:28:45,74,37.0,0
1294,3,2025-03-01 12:57:11,2025-03-30 18:28:04,29,9.666666666666666,0
1295,1,2025-08-16 06:37:47,2025-08-16 06:37:47,0,0.0,1
1297,2,2025-05-22 23:57:48,2025-08-27 00:18:58,96,48.0,0
1298,1,2025-07-15 23:46:38,2025-07-15 23:46:38,0,0.0,1
1299,3,2025-05-04 15:10:44,2025-11-24 01:59:33,203,67.66666666666667,0
1300,2,2025-07-21 05:18:26,2025-09-26 07:15:20,67,33.5,0
1301,4,2025-02-22 09:11:35,2025-09-28 05:24:38,217,54.25,0
1303,1,2025-05-20 18:48:45,2025-05-20 18:48:45,0,0.0,1
1304,1,2024-12-08 10:08:05,2024-12-08 10:08:05,0,0.0,1
1305,1,2025-11-03 03:58:41,2025-11-03 03:58:41,0,0.0,1
1306,3,2024-12-19 05:08:40,2025-11-12 23:47:06,328,109.33333333333331,0
1307,1,2025-10-07 02:01:33,2025-10-07 02:01:33,0,0.0,1
1308,3,2025-01-11 00:07:47,2025-09-30 07:46:15,262,87.33333333333333,0
1309,3,2025-01-19 23:07:38,2025-09-16 07:52:13,239,79.66666666666667,0
1310,1,2025-06-03 14:43:26,2025-06-03 14:43:26,0,0.0,1
1311,1,2025-04-21 04:53:07,2025-04-21 04:53:07,0,0.0,1
1312,2,2025-04-18 04:56:26,2025-05-12 07:32:10,24,12.0,0
1314,3,2024-12-19 04:52:58,2025-08-19 17:54:28,243,81.0,0
1316,2,2025-07-22 06:33:50,2025-11-04 16:56:59,105,52.5,0
1317,1,2025-10-31 08:14:03,2025-10-31 08:14:03,0,0.0,1
1318,1,2025-02-02 22:15:14,2025-02-02 22:15:14,0,0.0,1
1320,2,2025-04-12 12:25:23,2025-09-02 23:12:16,143,71.5,0
1321,2,2025-09-02 12:53:31,2025-09-21 14:32:40,19,9.5,0
1323,4,2025-03-12 06:20:54,2025-05-19 04:35:24,67,16.75,0
1324,1,2025-11-09 18:11:21,2025-11-09 18:11:21,0,0.0,1
1325,1,2024-12-26 15:23:46,2024-12-26 15:23:46,0,0.0,1
1326,2,2025-05-08 02:20:04,2025-05-12 15:58:33,4,2.0,0
1327,3,2025-01-03 05:41:11,2025-02-26 09:18:03,54,18.0,0
1328,1,2025-03-30 04:41:44,2025-03-30 04:41:44,0,0.0,1
1329,1,2025-09-24 09:25:25,2025-09-24 09:25:25,0,0.0,1
1330,4,2024-12-24 21:44:30,2025-10-10 22:58:51,290,72.5,0
1331,2,2025-01-30 17:24:02,2025-02-23 15:27:41,23,11.5,0
1332,1,2025-03-19 03:20:42,2025-03-19 03:20:42,0,0.0,1
1333,4,2024-12-12 11:17:15,2025-08-22 01:46:40,252,63.0,0
1334,1,2025-01-05 09:22:10,2025-01-05 09:22:10,0,0.0,1
1335,2,2025-08-17 04:12:59,2025-08-19 08:26:02,2,1.0,0
1336,2,2025-01-18 19:09:01,2025-05-30 06:29:45,131,65.5,0
1337,2,2024-12-29 21:46:16,2025-08-27 09:48:55,240,120.0,0
1338,1,2025-08-26 15:10:18,2025-08-26 15:10:18,0,0.0,1
1339,1,2025-08-06 13:42:46,2025-08-06 13:42:46,0,0.0,1
1340,4,2025-02-17 05:19:51,2025-08-26 21:24:27,190,47.5,0
1341,1,2025-10-05 13:09:04,2025-10-05 13:09:04,0,0.0,1
1342,3,2025-01-10 12:12:47,2025-05-05 16:35:49,115,38.333333333333336,0
1343,3,2025-02-02 11:37:22,2025-08-20 00:09:38,198,66.0,0
1345,2,2025-02-22 22:58:38,2025-10-27 22:07:14,246,123.0,0
1346,2,2025-01-18 03:30:14,2025-04-06 00:06:14,77,38.5,0
1347,2,2025-02-06 10:39:49,2025-11-14 20:21:59,281,140.5,0
1348,4,2025-01-10 02:17:07,2025-05-02 12:07:12,112,28.0,0
1349,1,2025-03-23 03:28:47,2025-03-23 03:28:47,0,0.0,1
1350,1,2024-12-22 03:32:05,2024-12-22 03:32:05,0,0.0,1
1351,1,2025-09-29 14:40:30,2025-09-29 14:40:30,0,0.0,1
1352,4,2025-02-14 13:47:51,2025-09-21 04:25:35,218,54.5,0
1353,1,2025-09-25 00:14:36,2025-09-25 00:14:36,0,0.0,1
1354,3,2025-09-15 06:13:23,2025-11-09 20:43:13,55,18.33333333333333,0
1355,1,2025-10-01 03:56:28,2025-10-01 03:56:28,0,0.0,1
1356,4,2024-12-20 23:07:46,2025-10-16 23:53:33,300,75.0,0
1357,1,2025-01-20 18:08:07,2025-01-20 18:08:07,0,0.0,1
1358,1,2025-10-22 22:13:22,2025-10-22 22:13:22,0,0.0,1
1359,2,2025-05-17 12:56:44,2025-06-03 19:24:13,17,8.5,0
1360,5,2024-12-07 15:44:13,2025-10-06 15:07:06,302,60.4,0
1361,2,2025-04-11 10:49:13,2025-08-18 19:31:41,129,64.5,0
1362,3,2025-01-24 08:31:20,2025-10-02 20:02:14,251,83.66666666666667,0
1363,3,2024-12-01 00:15:17,2025-07-17 23:52:02,228,76.0,0
1364,1,2025-01-09 09:43:24,2025-01-09 09:43:24,0,0.0,1
1365,1,2025-05-18 01:16:49,2025-05-18 01:16:49,0,0.0,1
1367,3,2025-03-17 19:01:15,2025-11-11 10:49:01,238,79.33333333333333,0
1369,2,2025-02-20 07:33:14,2025-10-20 14:32:51,242,121.0,0
1370,4,2025-02-01 18:04:28,2025-06-14 11:15:07,132,33.0,0
1371,1,2025-07-20 22:50:59,2025-07-20 22:50:59,0,0.0,1
1373,1,2025-06-24 09:49:19,2025-06-24 09:49:19,0,0.0,1
1374,2,2025-03-09 03:17:32,2025-07-26 10:33:55,139,69.5,0
1375,3,2025-02-18 14:43:10,2025-07-06 07:16:22,137,45.66666666666666,0
1376,2,2024-12-20 13:10:50,2025-09-12 00:43:13,265,132.5,0
1377,2,2025-03-26 04:12:03,2025-08-07 06:20:15,134,67.0,0
1378,2,2025-05-03 03:26:15,2025-06-28 06:27:34,56,28.0,0
1379,1,2025-04-19 05:28:04,2025-04-19 05:28:04,0,0.0,1
1380,5,2025-05-25 03:41:43,2025-09-17 15:04:05,115,23.0,0
1381,3,2025-03-13 12:20:19,2025-10-20 04:06:58,220,73.33333333333333,0
1382,1,2025-03-01 06:42:47,2025-03-01 06:42:47,0,0.0,1
1384,3,2025-02-21 02:36:10,2025-06-08 09:42:53,107,35.666666666666664,0
1385,3,2025-01-24 23:04:56,2025-04-17 20:44:29,82,27.33333333333333,0
1386,2,2025-01-06 15:02:57,2025-03-21 23:32:14,74,37.0,0
1387,1,2025-02-01 18:18:11,2025-02-01 18:18:11,0,0.0,1
1388,2,2025-08-13 06:41:21,2025-11-14 07:22:31,93,46.5,0
1389,3,2025-04-24 10:09:25,2025-06-01 07:01:26,37,12.333333333333334,0
1390,2,2025-06-02 16:11:08,2025-09-02 21:29:03,92,46.0,0
1391,1,2025-08-17 14:02:13,2025-08-17 14:02:13,0,0.0,1
1392,1,2025-05-06 08:10:33,2025-05-06 08:10:33,0,0.0,1
1393,5,2025-03-10 21:19:30,2025-11-13 17:42:35,247,49.4,0
1394,3,2024-12-11 04:58:56,2025-11-09 20:28:12,333,111.0,0
1395,2,2025-04-18 22:53:52,2025-09-27 01:21:37,161,80.5,0
1396,3,2025-05-22 12:37:38,2025-11-01 04:12:47,162,54.0,0
1397,4,2025-07-08 06:16:13,2025-10-05 04:45:57,88,22.0,0
1398,2,2025-01-26 07:45:59,2025-07-19 16:38:42,174,87.0,0
1399,1,2025-02-19 10:58:22,2025-02-19 10:58:22,0,0.0,1
1400,1,2025-06-04 01:27:11,2025-06-04 01:27:11,0,0.0,1
1401,1,2025-11-05 18:55:49,2025-11-05 18:55:49,0,0.0,1
1402,2,2025-08-16 21:25:37,2025-11-10 10:19:55,85,42.5,0
1403,3,2024-12-12 16:46:41,2025-05-12 20:59:33,151,50.333333333333336,0
1405,5,2024-12-13 19:39:59,2025-08-13 00:17:57,242,48.4,0
1406,2,2024-12-08 16:26:39,2025-05-20 07:54:24,162,81.0,0
1407,1,2025-01-06 11:00:39,2025-01-06 11:00:39,0,0.0,1
1409,3,2025-01-08 10:05:15,2025-08-28 15:07:27,232,77.33333333333333,0
1410,2,2025-01-12 04:06:36,2025-01-14 12:49:16,2,1.0,0
1413,1,2025-04-25 21:01:18,2025-04-25 21:01:18,0,0.0,1
1415,2,2025-03-23 20:35:04,2025-10-08 21:57:17,199,99.5,0
1416,3,2024-12-01 14:59:18,2025-04-12 09:12:06,131,43.66666666666666,0
1417,2,2025-03-01 11:23:33,2025-10-31 16:02:50,244,122.0,0
1418,1,2025-04-30 06:25:17,2025-04-30 06:25:17,0,0.0,1
1419,3,2025-04-17 00:15:48,2025-11-16 18:16:35,213,71.0,0
1420,2,2025-07-07 16:27:41,2025-10-10 04:23:37,94,47.0,0
1422,4,2025-01-19 17:25:06,2025-10-04 10:02:55,257,64.25,0
1423,2,2024-12-31 14:36:27,2025-02-03 09:23:42,33,16.5,0
1424,3,2025-06-08 14:06:45,2025-11-13 11:02:52,157,52.333333333333336,0
1425,2,2025-05-04 20:17:26,2025-06-04 06:48:29,30,15.0,0
1427,3,2025-02-11 05:23:18,2025-11-04 10:16:01,266,88.66666666666667,0
1428,2,2024-11-25 13:38:21,2024-12-01 02:18:06,5,2.5,0
1431,2,2025-07-15 07:38:47,2025-10-20 09:17:39,97,48.5,0
1432,7,2024-12-27 13:01:36,2025-10-11 09:33:38,287,41.0,0
1433,1,2025-04-22 05:38:43,2025-04-22 05:38:43,0,0.0,1
1434,3,2024-12-10 21:47:40,2025-05-27 12:28:00,167,55.66666666666666,0
1435,2,2025-06-29 18:04:13,2025-10-14 03:27:38,106,53.0,0
1436,2,2025-05-27 14:11:42,2025-06-29 02:44:31,32,16.0,0
1437,3,2025-02-10 13:37:20,2025-08-24 04:32:56,194,64.66666666666667,0
1438,2,2024-12-12 09:37:22,2024-12-28 04:32:40,15,7.5,0
1439,1,2025-03-20 09:44:43,2025-03-20 09:44:43,0,0.0,1
1440,1,2025-03-19 13:30:48,2025-03-19 13:30:48,0,0.0,1
1441,3,2024-12-03 13:21:09,2025-10-22 08:28:20,322,107.33333333333331,0
1442,2,2025-01-26 23:48:31,2025-06-11 20:43:43,135,67.5,0
1444,2,2025-08-27 20:18:52,2025-09-29 12:47:21,32,16.0,0
1445,2,2025-04-25 17:19:43,2025-06-30 07:05:18,65,32.5,0
1446,2,2025-05-13 20:20:53,2025-11-22 04:29:12,192,96.0,0
1447,2,2025-03-05 16:10:40,2025-05-31 14:27:04,86,43.0,0
1448,2,2025-01-04 08:24:25,2025-09-17 20:32:40,256,128.0,0
1449,1,2025-04-23 12:14:33,2025-04-23 12:14:33,0,0.0,1
1450,3,2025-02-01 21:48:15,2025-06-10 09:07:15,128,42.66666666666666,0
1451,1,2025-06-15 15:28:34,2025-06-15 15:28:34,0,0.0,1
1452,1,2025-04-05 21:49:36,2025-04-05 21:49:36,0,0.0,1
1453,2,2025-03-27 07:42:27,2025-08-06 18:05:10,132,66.0,0
1455,2,2024-12-14 00:35:55,2025-01-14 18:23:42,31,15.5,0
1456,3,2025-05-24 05:55:29,2025-10-29 09:18:25,158,52.66666666666666,0
1457,4,2025-02-03 17:29:18,2025-10-07 00:08:34,245,61.25,0
1458,4,2025-01-09 19:10:26,2025-10-05 16:15:10,268,67.0,0
1459,3,2024-12-27 00:58:40,2025-10-18 02:27:52,295,98.33333333333331,0
1460,6,2025-01-10 05:09:17,2025-10-11 12:02:03,274,45.66666666666666,0
1461,4,2024-12-09 10:40:05,2025-07-17 15:27:05,220,55.0,0
1462,3,2024-12-28 20:30:36,2025-08-13 17:34:08,227,75.66666666666667,0
1463,3,2025-02-04 12:30:15,2025-07-31 06:28:15,176,58.66666666666666,0
1465,3,2024-12-12 08:05:09,2025-10-17 02:30:31,308,102.66666666666669,0
1466,4,2024-12-10 12:14:07,2025-11-13 12:23:17,338,84.5,0
1468,3,2025-02-09 23:53:33,2025-07-07 10:55:18,147,49.0,0
1469,2,2025-03-11 09:58:11,2025-10-24 13:59:07,227,113.5,0
1470,2,2025-03-28 09:55:08,2025-03-30 10:07:01,2,1.0,0
1471,2,2024-12-11 21:03:00,2025-11-12 02:50:52,335,167.5,0
1474,1,2025-05-12 06:06:55,2025-05-12 06:06:55,0,0.0,1
1476,1,2025-07-25 04:44:41,2025-07-25 04:44:41,0,0.0,1
1477,2,2025-01-01 16:47:31,2025-01-24 17:35:10,23,11.5,0
1478,2,2025-04-29 22:24:22,2025-05-14 10:08:40,14,7.0,0
1479,2,2025-04-06 13:56:43,2025-04-20 01:03:08,13,6.5,0
1480,3,2025-01-10 23:38:38,2025-06-10 03:47:18,150,50.0,0
1481,2,2025-02-18 03:37:24,2025-09-04 10:38:44,198,99.0,0
1483,2,2025-01-07 03:35:32,2025-05-11 22:48:48,124,62.0,0
1484,4,2025-01-12 11:39:22,2025-05-31 04:59:18,138,34.5,0
1485,3,2025-02-18 12:05:26,2025-10-01 23:39:32,225,75.0,0
1486,1,2025-08-13 19:50:08,2025-08-13 19:50:08,0,0.0,1
1487,4,2024-12-10 09:59:45,2025-07-28 04:53:11,229,57.25,0
1488,1,2025-04-03 21:07:44,2025-04-03 21:07:44,0,0.0,1
1489,4,2025-03-22 19:59:05,2025-10-10 02:57:09,201,50.25,0
1490,1,2025-10-27 00:39:44,2025-10-27 00:39:44,0,0.0,1
1491,2,2025-08-27 05:15:55,2025-11-15 06:07:46,80,40.0,0
1492,1,2024-11-27 01:45:18,2024-11-27 01:45:18,0,0.0,1
1493,3,2024-12-18 03:55:26,2025-07-05 03:10:21,198,66.0,0
1495,3,2024-12-07 19:38:58,2025-07-31 19:34:54,235,78.33333333333333,0
1496,1,2025-10-01 21:31:03,2025-10-01 21:31:03,0,0.0,1
1497,3,2025-01-29 08:02:26,2025-06-09 05:37:28,130,43.333333333333336,0
1498,1,2025-06-12 16:47:00,2025-06-12 16:47:00,0,0.0,1
1499,5,2024-11-30 23:27:44,2025-10-07 20:30:45,310,62.0,0
1500,3,2025-04-15 18:50:55,2025-08-20 14:56:31,126,42.0,0
1501,4,2024-11-29 18:58:47,2025-10-29 20:07:46,334,83.5,0
1502,2,2025-01-15 22:41:31,2025-04-21 04:02:17,95,47.5,0
1503,1,2025-02-14 05:57:44,2025-02-14 05:57:44,0,0.0,1
1504,1,2025-03-28 08:45:36,2025-03-28 08:45:36,0,0.0,1
1505,2,2025-06-17 14:35:39,2025-07-09 13:28:15,21,10.5,0
1506,3,2025-05-28 09:52:45,2025-06-29 03:57:28,31,10.333333333333334,0
1507,3,2025-02-21 07:18:01,2025-08-02 00:08:12,161,53.66666666666666,0
1508,1,2025-05-18 16:24:51,2025-05-18 16:24:51,0,0.0,1
1509,3,2025-01-02 06:14:59,2025-06-03 07:14:51,152,50.66666666666666,0
1511,3,2025-04-10 09:22:21,2025-10-08 17:47:43,181,60.333333333333336,0
1512,1,2025-09-24 14:30:53,2025-09-24 14:30:53,0,0.0,1
1513,2,2025-06-14 01:37:20,2025-08-19 17:33:32,66,33.0,0
1514,1,2025-05-19 16:50:45,2025-05-19 16:50:45,0,0.0,1
1515,1,2025-07-24 20:06:56,2025-07-24 20:06:56,0,0.0,1
1517,2,2025-04-04 10:18:32,2025-05-02 01:33:42,27,13.5,0
1519,4,2025-01-19 04:50:19,2025-10-30 09:29:55,284,71.0,0
1520,2,2025-04-11 16:45:54,2025-10-18 03:33:52,189,94.5,0
1521,2,2025-02-03 10:27:55,2025-03-17 07:55:11,41,20.5,0
1523,2,2025-08-31 03:29:41,2025-10-15 07:39:53,45,22.5,0
1524,2,2025-03-15 19:51:48,2025-06-14 14:30:07,90,45.0,0
1525,2,2025-02-05 02:19:33,2025-11-23 04:09:38,291,145.5,0
1526,3,2025-02-07 12:22:47,2025-07-28 14:54:27,171,57.0,0
1527,3,2025-06-05 00:33:11,2025-09-22 10:46:47,109,36.333333333333336,0
1528,2,2025-02-14 00:04:03,2025-04-21 14:09:31,66,33.0,0
1529,1,2024-12-09 18:05:56,2024-12-09 18:05:56,0,0.0,1
1530,6,2024-12-12 20:47:24,2025-09-03 01:47:49,264,44.0,0
1531,3,2025-01-07 03:41:04,2025-02-04 23:46:54,28,9.333333333333334,0
1532,1,2025-04-20 12:17:17,2025-04-20 12:17:17,0,0.0,1
1533,3,2024-12-12 05:43:17,2025-05-14 15:03:06,153,51.0,0
1534,1,2025-04-03 02:42:09,2025-04-03 02:42:09,0,0.0,1
1535,1,2024-12-18 17:19:14,2024-12-18 17:19:14,0,0.0,1
1536,3,2025-05-18 14:45:27,2025-11-09 19:42:03,175,58.333333333333336,0
1537,1,2025-10-15 12:08:34,2025-10-15 12:08:34,0,0.0,1
1538,2,2025-02-06 20:40:43,2025-10-01 10:07:19,236,118.0,0
1539,7,2025-04-03 17:49:22,2025-11-23 06:19:57,233,33.285714285714285,0
1540,5,2025-01-31 10:08:30,2025-08-31 15:21:19,212,42.4,0
1541,2,2024-12-17 19:31:12,2025-03-24 22:20:22,97,48.5,0
1543,1,2025-07-04 04:07:50,2025-07-04 04:07:50,0,0.0,1
1544,4,2024-12-21 13:50:46,2025-08-02 05:53:26,223,55.75,0
1545,5,2025-01-11 22:10:48,2025-09-16 03:07:35,247,49.4,0
1546,1,2024-12-07 03:43:57,2024-12-07 03:43:57,0,0.0,1
1547,2,2025-08-04 07:11:21,2025-10-30 04:59:39,86,43.0,0
1548,2,2025-07-10 10:56:28,2025-10-28 15:57:53,110,55.0,0
1549,6,2024-12-04 20:42:26,2025-10-12 23:04:02,312,52.0,0
1551,1,2025-07-08 08:45:16,2025-07-08 08:45:16,0,0.0,1
1552,1,2025-09-10 06:54:54,2025-09-10 06:54:54,0,0.0,1
1553,2,2025-04-16 16:48:46,2025-07-12 22:20:31,87,43.5,0
1554,1,2025-04-03 07:04:05,2025-04-03 07:04:05,0,0.0,1
1556,2,2025-08-06 05:41:21,2025-09-15 05:02:40,39,19.5,0
1557,5,2024-12-19 01:22:48,2025-06-02 17:18:13,165,33.0,0
1558,3,2025-01-06 16:27:38,2025-11-06 02:28:27,303,101.0,0
1559,1,2024-12-16 07:33:07,2024-12-16 07:33:07,0,0.0,1
1560,4,2025-02-08 14:18:46,2025-10-08 19:32:38,242,60.5,0
1562,1,2025-03-08 05:12:31,2025-03-08 05:12:31,0,0.0,1
1564,5,2025-02-18 12:36:42,2025-05-22 16:38:45,93,18.6,0
1565,3,2025-03-20 14:45:07,2025-11-15 11:36:42,239,79.66666666666667,0
1568,4,2025-07-16 21:08:38,2025-10-15 11:12:23,90,22.5,0
1569,2,2024-12-01 07:30:45,2025-06-15 12:45:54,196,98.0,0
1570,3,2025-01-04 11:18:21,2025-04-02 22:17:53,88,29.33333333333333,0
1571,1,2025-01-02 16:49:18,2025-01-02 16:49:18,0,0.0,1
1573,1,2024-12-05 00:44:19,2024-12-05 00:44:19,0,0.0,1
1575,1,2025-05-27 03:33:03,2025-05-27 03:33:03,0,0.0,1
1576,1,2024-12-06 19:32:32,2024-12-06 19:32:32,0,0.0,1
1578,4,2025-03-10 15:53:00,2025-10-20 15:32:59,223,55.75,0
1579,2,2025-05-08 00:49:55,2025-07-23 05:04:45,76,38.0,0
1580,3,2025-02-21 10:46:20,2025-06-18 01:01:16,116,38.66666666666666,0
1581,1,2025-01-27 10:47:06,2025-01-27 10:47:06,0,0.0,1
1582,3,2024-12-13 13:46:10,2025-10-03 12:02:00,293,97.66666666666669,0
1583,1,2025-06-09 02:46:56,2025-06-09 02:46:56,0,0.0,1
1586,2,2025-03-31 02:46:32,2025-10-23 14:29:59,206,103.0,0
1588,1,2025-11-06 18:04:29,2025-11-06 18:04:29,0,0.0,1
1589,1,2025-06-24 11:58:43,2025-06-24 11:58:43,0,0.0,1
1590,4,2025-02-14 01:51:06,2025-09-10 05:01:51,208,52.0,0
1591,2,2024-11-25 18:48:39,2025-08-08 21:37:46,256,128.0,0
1592,1,2025-05-23 01:56:49,2025-05-23 01:56:49,0,0.0,1
1594,2,2025-01-01 05:13:28,2025-09-06 00:04:07,247,123.5,0
1595,3,2025-03-14 04:52:52,2025-07-17 05:37:13,125,41.66666666666666,0
1596,1,2025-11-15 13:55:43,2025-11-15 13:55:43,0,0.0,1
1598,3,2024-12-04 01:04:13,2025-08-31 02:58:49,270,90.0,0
1599,3,2025-04-05 12:47:54,2025-11-19 01:39:53,227,75.66666666666667,0
1600,3,2025-01-16 11:11:27,2025-09-01 10:07:01,227,75.66666666666667,0
1601,2,2025-07-08 11:16:49,2025-09-11 07:40:08,64,32.0,0
1602,4,2024-12-28 05:11:27,2025-10-13 22:08:06,289,72.25,0
1603,4,2025-05-25 17:46:26,2025-11-06 15:20:42,164,41.0,0
1604,3,2025-04-12 21:23:29,2025-08-09 05:01:51,118,39.333333333333336,0
1606,3,2025-03-10 02:59:53,2025-09-23 05:23:39,197,65.66666666666667,0
1607,1,2025-05-02 16:59:18,2025-05-02 16:59:18,0,0.0,1
1608,1,2025-11-12 15:23:53,2025-11-12 15:23:53,0,0.0,1
1609,3,2025-02-05 14:36:32,2025-03-31 08:59:19,53,17.666666666666668,0
1610,1,2025-03-31 10:23:16,2025-03-31 10:23:16,0,0.0,1
1611,3,2025-03-20 03:45:39,2025-04-18 04:19:34,29,9.666666666666666,0
1612,5,2025-03-20 12:31:02,2025-10-28 23:24:38,222,44.4,0
1613,4,2024-12-24 05:51:46,2025-08-20 16:43:09,239,59.75,0
1614,2,2025-01-22 06:09:45,2025-05-27 16:58:52,125,62.5,0
1615,2,2025-04-04 09:54:00,2025-09-26 17:43:50,175,87.5,0
1616,3,2024-12-30 23:19:28,2025-09-21 05:43:20,264,88.0,0
1617,1,2025-06-05 18:33:02,2025-06-05 18:33:02,0,0.0,1
1618,2,2024-12-06 20:10:11,2025-07-10 12:03:03,215,107.5,0
1619,2,2025-05-05 10:41:15,2025-05-21 21:03:58,16,8.0,0
1620,1,2024-12-10 15:09:02,2024-12-10 15:09:02,0,0.0,1
1621,2,2025-01-25 08:33:37,2025-10-28 08:19:46,275,137.5,0
1622,1,2025-05-20 05:39:37,2025-05-20 05:39:37,0,0.0,1
1624,6,2024-12-12 09:41:56,2025-10-26 02:39:37,317,52.833333333333336,0
1625,2,2025-01-25 18:32:10,2025-04-11 19:11:09,76,38.0,0
1626,3,2025-02-24 01:01:24,2025-03-16 12:08:24,20,6.666666666666667,0
1627,3,2025-01-13 13:23:00,2025-07-18 02:47:52,185,61.66666666666666,0
1628,2,2025-04-10 23:27:13,2025-10-22 03:45:49,194,97.0,0
1629,2,2025-08-21 04:05:35,2025-10-20 20:54:01,60,30.0,0
1630,5,2025-01-01 21:03:33,2025-10-16 08:36:04,287,57.4,0
1631,1,2025-10-15 14:39:41,2025-10-15 14:39:41,0,0.0,1
1632,2,2025-03-12 13:47:50,2025-05-05 07:24:41,53,26.5,0
1633,1,2025-06-04 03:47:48,2025-06-04 03:47:48,0,0.0,1
1635,2,2025-01-12 12:02:40,2025-05-17 19:52:08,125,62.5,0
1636,3,2025-02-07 22:52:54,2025-06-06 05:49:45,118,39.333333333333336,0
1637,1,2025-03-25 12:09:49,2025-03-25 12:09:49,0,0.0,1
1638,1,2025-09-20 05:36:01,2025-09-20 05:36:01,0,0.0,1
1639,5,2025-05-01 10:42:10,2025-10-15 02:59:16,166,33.2,0
1640,1,2024-12-04 00:03:18,2024-12-04 00:03:18,0,0.0,1
1641,3,2025-09-09 22:20:03,2025-11-15 10:57:24,66,22.0,0
1642,2,2025-01-03 16:33:16,2025-09-13 15:51:16,252,126.0,0
1643,2,2024-11-27 18:14:00,2025-09-11 09:09:32,287,143.5,0
1645,1,2024-11-29 11:37:23,2024-11-29 11:37:23,0,0.0,1
1646,1,2025-09-11 02:28:10,2025-09-11 02:28:10,0,0.0,1
1647,4,2025-04-27 19:29:08,2025-11-20 23:48:28,207,51.75,0
1649,1,2025-11-21 18:03:32,2025-11-21 18:03:32,0,0.0,1
1650,2,2025-07-02 10:42:24,2025-11-16 10:25:41,136,68.0,0
1651,3,2025-06-17 22:05:15,2025-11-17 17:57:18,152,50.66666666666666,0
1652,1,2025-09-27 22:48:29,2025-09-27 22:48:29,0,0.0,1
1653,1,2025-10-01 02:43:01,2025-10-01 02:43:01,0,0.0,1
1656,1,2024-12-11 23:07:46,2024-12-11 23:07:46,0,0.0,1
1657,1,2025-08-22 07:31:24,2025-08-22 07:31:24,0,0.0,1
1658,5,2024-12-07 11:37:35,2025-10-14 15:41:36,311,62.2,0
1659,2,2025-07-05 18:42:15,2025-09-20 13:54:06,76,38.0,0
1660,1,2025-09-18 12:19:52,2025-09-18 12:19:52,0,0.0,1
1661,2,2025-03-23 03:02:59,2025-10-25 03:44:21,216,108.0,0
1662,6,2025-03-25 22:27:30,2025-10-10 12:54:29,198,33.0,0
1663,1,2025-01-13 05:16:53,2025-01-13 05:16:53,0,0.0,1
1664,1,2025-01-29 12:28:03,2025-01-29 12:28:03,0,0.0,1
1665,1,2025-10-27 11:39:48,2025-10-27 11:39:48,0,0.0,1
1666,4,2024-11-27 20:03:09,2025-11-15 16:44:20,352,88.0,0
1667,2,2025-06-18 08:07:30,2025-10-24 09:14:51,128,64.0,0
1668,1,2024-12-14 01:47:55,2024-12-14 01:47:55,0,0.0,1
1669,1,2025-06-24 16:26:21,2025-06-24 16:26:21,0,0.0,1
1670,2,2025-02-05 01:09:11,2025-10-21 23:57:56,258,129.0,0
1671,2,2024-12-08 00:38:44,2025-02-08 20:26:12,62,31.0,0
1672,5,2025-07-04 20:34:40,2025-10-28 03:09:21,115,23.0,0
1674,2,2025-02-03 00:33:43,2025-05-16 05:34:09,102,51.0,0
1675,1,2024-12-23 02:23:17,2024-12-23 02:23:17,0,0.0,1
1676,1,2025-10-21 16:49:33,2025-10-21 16:49:33,0,0.0,1
1677,3,2025-04-19 19:49:06,2025-08-10 12:48:42,112,37.333333333333336,0
1679,4,2025-05-19 12:32:19,2025-10-09 00:56:45,142,35.5,0
1680,1,2024-12-19 11:05:14,2024-12-19 11:05:14,0,0.0,1
1681,3,2024-12-06 13:09:37,2025-05-31 16:09:50,176,58.66666666666666,0
1682,3,2025-02-08 19:30:59,2025-06-15 18:51:47,126,42.0,0
1684,3,2025-01-03 12:03:07,2025-05-17 05:46:18,133,44.333333333333336,0
1685,1,2024-11-25 02:15:19,2024-11-25 02:15:19,0,0.0,1
1686,1,2025-02-21 03:18:12,2025-02-21 03:18:12,0,0.0,1
1687,2,2024-12-11 07:07:20,2025-03-03 18:47:03,82,41.0,0
1688,2,2024-12-13 20:38:16,2025-11-10 08:21:32,331,165.5,0
1689,2,2025-10-06 17:17:13,2025-11-02 19:39:55,27,13.5,0
1690,2,2025-07-02 01:11:57,2025-08-11 21:52:54,40,20.0,0
1691,2,2025-03-06 12:41:45,2025-03-14 16:14:55,8,4.0,0
1692,3,2025-03-24 13:26:15,2025-10-01 07:26:25,190,63.333333333333336,0
1693,2,2025-04-16 10:52:11,2025-06-17 04:33:22,61,30.5,0
1695,2,2025-01-04 03:44:40,2025-10-22 20:48:02,291,145.5,0
1696,1,2025-06-03 11:12:46,2025-06-03 11:12:46,0,0.0,1
1698,4,2024-12-22 10:10:39,2025-10-14 15:32:37,296,74.0,0
1699,3,2025-05-13 13:35:20,2025-08-23 09:22:34,101,33.666666666666664,0
1700,3,2025-03-29 04:00:54,2025-07-07 08:27:29,100,33.333333333333336,0
1701,1,2025-02-13 02:43:33,2025-02-13 02:43:33,0,0.0,1
1702,1,2025-06-26 15:08:34,2025-06-26 15:08:34,0,0.0,1
1703,1,2025-01-03 16:25:04,2025-01-03 16:25:04,0,0.0,1
1704,2,2024-12-08 02:42:43,2025-09-08 20:12:10,274,137.0,0
1705,1,2025-01-23 22:06:21,2025-01-23 22:06:21,0,0.0,1
1706,4,2024-11-29 06:44:23,2025-08-29 09:34:26,273,68.25,0
1707,3,2025-01-31 16:55:43,2025-11-13 23:56:10,286,95.33333333333331,0
1709,2,2024-12-11 09:20:21,2025-03-31 06:48:10,109,54.5,0
1710,1,2025-09-29 03:49:43,2025-09-29 03:49:43,0,0.0,1
1711,1,2025-02-13 01:22:51,2025-02-13 01:22:51,0,0.0,1
1712,4,2024-12-24 22:02:42,2025-08-02 00:48:37,220,55.0,0
1713,4,2024-12-22 20:36:46,2025-10-08 02:21:16,289,72.25,0
1716,2,2024-11-24 16:25:39,2024-12-03 22:16:30,9,4.5,0
1718,1,2025-03-10 13:38:48,2025-03-10 13:38:48,0,0.0,1
1719,5,2025-03-27 16:40:53,2025-11-06 13:54:10,223,44.6,0
1720,1,2025-05-07 15:39:27,2025-05-07 15:39:27,0,0.0,1
1721,4,2025-01-08 20:46:34,2025-11-22 10:53:03,317,79.25,0
1723,2,2025-09-28 03:51:45,2025-11-14 00:44:59,46,23.0,0
1724,1,2025-09-02 00:10:34,2025-09-02 00:10:34,0,0.0,1
1725,1,2025-07-25 14:59:24,2025-07-25 14:59:24,0,0.0,1
1726,2,2025-06-22 19:11:56,2025-10-07 06:56:46,106,53.0,0
1728,3,2024-12-11 08:22:05,2025-04-13 13:37:01,123,41.0,0
1729,3,2025-01-26 12:01:58,2025-05-03 14:05:27,97,32.333333333333336,0
1730,4,2024-12-04 08:12:26,2025-10-11 05:10:00,310,77.5,0
1731,1,2025-07-29 18:38:58,2025-07-29 18:38:58,0,0.0,1
1732,1,2025-03-24 05:19:21,2025-03-24 05:19:21,0,0.0,1
1733,3,2024-12-05 09:17:04,2025-02-16 06:54:43,72,24.0,0
1734,1,2024-12-12 23:07:41,2024-12-12 23:07:41,0,0.0,1
1735,1,2025-05-12 03:58:40,2025-05-12 03:58:40,0,0.0,1
1736,1,2025-01-16 19:26:13,2025-01-16 19:26:13,0,0.0,1
1737,2,2025-09-08 08:35:24,2025-11-22 12:34:15,75,37.5,0
1738,2,2025-02-14 14:24:06,2025-05-11 03:00:41,85,42.5,0
1739,1,2024-11-27 15:00:13,2024-11-27 15:00:13,0,0.0,1
1740,4,2024-12-02 10:40:03,2025-04-09 10:38:54,127,31.75,0
1741,2,2025-02-23 23:42:52,2025-07-19 16:40:08,145,72.5,0
1742,4,2025-01-12 00:40:19,2025-10-13 08:29:36,274,68.5,0
1743,3,2025-05-08 15:41:15,2025-11-23 05:14:13,198,66.0,0
1744,1,2025-11-01 08:22:40,2025-11-01 08:22:40,0,0.0,1
1745,6,2025-02-04 02:09:12,2025-11-17 01:22:49,285,47.5,0
1746,1,2025-11-19 10:22:43,2025-11-19 10:22:43,0,0.0,1
1747,2,2025-08-26 11:35:27,2025-09-13 19:20:33,18,9.0,0
1749,2,2025-05-12 23:04:54,2025-09-02 18:52:49,112,56.0,0
1750,3,2025-01-01 08:22:26,2025-06-11 03:14:46,160,53.333333333333336,0
1751,3,2025-02-21 03:10:54,2025-05-18 22:06:49,86,28.666666666666668,0
1753,1,2025-04-18 08:26:16,2025-04-18 08:26:16,0,0.0,1
1754,1,2025-01-29 19:43:00,2025-01-29 19:43:00,0,0.0,1
1755,3,2025-02-03 16:32:10,2025-09-13 20:19:07,222,74.0,0
1756,3,2025-01-28 09:29:28,2025-08-04 18:43:54,188,62.66666666666666,0
1758,3,2025-05-01 12:31:35,2025-11-12 12:10:50,194,64.66666666666667,0
1761,5,2025-03-30 17:10:41,2025-10-18 00:52:15,201,40.2,0
1762,1,2025-08-19 18:39:48,2025-08-19 18:39:48,0,0.0,1
1763,4,2024-12-04 08:06:12,2025-09-13 09:33:35,283,70.75,0
1764,1,2025-03-01 20:24:28,2025-03-01 20:24:28,0,0.0,1
1765,1,2025-01-16 04:30:43,2025-01-16 04:30:43,0,0.0,1
1766,3,2024-12-31 19:08:35,2025-11-19 20:19:56,323,107.66666666666669,0
1767,1,2024-11-25 19:17:23,2024-11-25 19:17:23,0,0.0,1
1768,1,2025-01-22 04:40:33,2025-01-22 04:40:33,0,0.0,1
1769,3,2025-03-24 02:54:46,2025-11-09 06:46:51,230,76.66666666666667,0
1770,2,2025-01-04 06:29:44,2025-10-17 12:46:03,286,143.0,0
1772,3,2025-01-01 22:55:23,2025-10-22 04:14:27,293,97.66666666666669,0
1773,1,2025-05-07 00:28:06,2025-05-07 00:28:06,0,0.0,1
1774,2,2025-06-13 20:14:28,2025-06-27 21:09:12,14,7.0,0
1775,3,2025-07-24 22:30:56,2025-11-13 02:31:33,111,37.0,0
1776,1,2025-04-08 08:52:35,2025-04-08 08:52:35,0,0.0,1
1777,3,2025-06-02 13:56:36,2025-11-09 11:39:54,159,53.0,0
1778,3,2025-04-05 10:56:56,2025-10-30 10:27:31,207,69.0,0
1779,4,2024-12-25 19:46:45,2025-09-17 21:28:32,266,66.5,0
1780,3,2025-04-27 19:00:22,2025-10-18 07:38:38,173,57.66666666666666,0
1781,5,2024-12-03 16:17:05,2025-11-19 14:02:28,350,70.0,0
1782,1,2025-03-20 00:36:03,2025-03-20 00:36:03,0,0.0,1
1784,2,2025-07-08 16:08:55,2025-09-04 14:21:04,57,28.5,0
1785,3,2025-03-02 18:12:53,2025-08-10 13:42:34,160,53.333333333333336,0
1786,1,2025-09-03 20:12:34,2025-09-03 20:12:34,0,0.0,1
1787,2,2025-03-20 19:38:08,2025-07-20 18:38:29,121,60.5,0
1788,2,2025-02-09 11:29:26,2025-07-19 01:15:32,159,79.5,0
1789,3,2025-02-26 19:40:13,2025-08-31 14:30:30,185,61.66666666666666,0
1790,2,2025-08-16 15:22:08,2025-09-27 06:58:50,41,20.5,0
1792,1,2025-05-25 05:00:38,2025-05-25 05:00:38,0,0.0,1
1793,4,2025-03-16 04:07:13,2025-08-29 19:18:09,166,41.5,0
1794,4,2025-07-14 09:39:42,2025-11-07 02:56:38,115,28.75,0
1795,5,2025-04-20 00:18:40,2025-09-07 06:31:26,140,28.0,0
1796,1,2025-04-13 04:41:48,2025-04-13 04:41:48,0,0.0,1
1799,1,2025-06-18 18:40:36,2025-06-18 18:40:36,0,0.0,1
1800,3,2025-03-17 23:50:53,2025-11-02 11:43:01,229,76.33333333333333,0
1801,3,2025-01-07 00:51:34,2025-05-09 00:53:48,122,40.66666666666666,0
1803,3,2024-12-05 14:54:54,2025-10-15 02:15:50,313,104.33333333333331,0
1804,3,2025-01-18 06:51:01,2025-08-22 17:49:31,216,72.0,0
1805,3,2025-04-03 08:06:12,2025-08-11 14:20:03,130,43.333333333333336,0
1806,1,2024-12-04 06:31:08,2024-12-04 06:31:08,0,0.0,1
1807,5,2025-03-28 10:59:35,2025-10-31 03:50:20,216,43.2,0
1809,3,2024-12-29 03:09:38,2025-10-24 10:29:15,299,99.66666666666669,0
1811,1,2025-09-14 14:55:53,2025-09-14 14:55:53,0,0.0,1
1812,3,2024-12-14 19:31:39,2025-07-18 17:48:34,215,71.66666666666667,0
1814,4,2024-12-15 07:22:28,2025-07-27 04:23:15,223,55.75,0
1815,3,2025-04-01 05:17:23,2025-10-07 06:16:38,189,63.0,0
1816,4,2024-12-07 22:25:28,2025-10-10 06:36:45,306,76.5,0
1817,2,2025-04-23 10:13:05,2025-07-13 04:39:40,80,40.0,0
1818,2,2025-03-09 20:41:19,2025-08-25 08:23:59,168,84.0,0
1819,2,2025-01-11 17:45:35,2025-02-04 22:18:25,24,12.0,0
1820,1,2025-02-15 03:15:29,2025-02-15 03:15:29,0,0.0,1
1822,3,2025-07-09 15:37:32,2025-10-25 02:39:12,107,35.666666666666664,0
1823,2,2025-06-24 03:00:28,2025-10-01 23:04:16,99,49.5,0
1824,1,2025-08-30 19:05:14,2025-08-30 19:05:14,0,0.0,1
1825,2,2025-07-27 07:50:19,2025-10-29 11:15:14,94,47.0,0
1826,1,2025-04-12 03:14:44,2025-04-12 03:14:44,0,0.0,1
1827,1,2025-04-10 19:28:15,2025-04-10 19:28:15,0,0.0,1
1828,4,2024-12-22 00:03:04,2025-08-21 06:14:35,242,60.5,0
1829,3,2025-02-22 01:02:23,2025-04-06 11:54:55,43,14.333333333333334,0
1830,1,2025-01-03 07:45:04,2025-01-03 07:45:04,0,0.0,1
1831,1,2025-01-16 18:27:43,2025-01-16 18:27:43,0,0.0,1
1837,4,2025-04-09 09:13:38,2025-09-09 18:23:13,153,38.25,0
1838,3,2025-01-19 22:12:55,2025-05-09 17:19:29,109,36.333333333333336,0
1839,3,2025-04-06 22:39:03,2025-10-16 17:34:09,192,64.0,0
1840,4,2025-01-13 16:04:56,2025-10-29 23:29:50,289,72.25,0
1842,2,2025-07-29 12:22:18,2025-10-13 20:26:14,76,38.0,0
1844,1,2025-09-17 02:04:00,2025-09-17 02:04:00,0,0.0,1
1845,2,2025-04-23 05:24:09,2025-05-29 12:01:55,36,18.0,0
1846,1,2025-11-06 15:21:13,2025-11-06 15:21:13,0,0.0,1
1847,4,2025-02-22 05:11:44,2025-08-18 19:17:05,177,44.25,0
1848,4,2024-12-13 05:18:21,2025-11-15 13:20:14,337,84.25,0
1849,2,2025-05-28 01:35:51,2025-08-08 12:03:01,72,36.0,0
1850,1,2024-12-08 16:20:18,2024-12-08 16:20:18,0,0.0,1
1851,3,2025-03-03 01:21:04,2025-08-17 06:15:54,167,55.66666666666666,0
1852,1,2025-02-09 13:20:21,2025-02-09 13:20:21,0,0.0,1
1853,1,2025-11-15 21:30:37,2025-11-15 21:30:37,0,0.0,1
1854,3,2024-12-28 03:45:05,2025-10-14 02:29:00,289,96.33333333333331,0
1855,3,2025-05-12 21:57:16,2025-09-05 05:13:20,115,38.333333333333336,0
1856,7,2024-12-07 23:53:02,2025-11-01 03:51:26,328,46.85714285714285,0
1857,1,2025-02-27 22:20:03,2025-02-27 22:20:03,0,0.0,1
1858,6,2024-12-06 21:58:07,2025-06-02 09:10:01,177,29.5,0
1859,2,2024-12-12 08:21:42,2025-03-11 03:41:00,88,44.0,0
1860,2,2024-12-02 06:30:41,2025-06-02 12:06:28,182,91.0,0
1861,1,2025-11-12 11:37:19,2025-11-12 11:37:19,0,0.0,1
1862,2,2025-07-01 06:01:30,2025-10-03 07:07:29,94,47.0,0
1863,3,2024-12-07 15:37:02,2025-04-11 04:59:48,124,41.333333333333336,0
1864,2,2025-08-19 19:36:09,2025-11-20 15:20:43,92,46.0,0
1865,2,2024-12-21 12:23:18,2025-07-20 12:05:32,210,105.0,0
1866,1,2025-06-11 13:20:27,2025-06-11 13:20:27,0,0.0,1
1867,1,2025-10-21 16:12:27,2025-10-21 16:12:27,0,0.0,1
1868,4,2025-03-10 01:15:31,2025-08-28 13:37:19,171,42.75,0
1869,3,2025-04-07 07:16:07,2025-09-19 11:48:40,165,55.0,0
1871,2,2025-08-19 02:20:23,2025-11-08 11:54:21,81,40.5,0
1872,4,2024-11-30 00:53:56,2025-11-17 12:56:45,352,88.0,0
1873,4,2025-05-04 03:18:41,2025-11-18 07:17:45,198,49.5,0
1874,2,2025-02-24 10:19:55,2025-07-10 02:18:20,135,67.5,0
1877,3,2025-06-27 14:20:18,2025-07-26 20:04:46,29,9.666666666666666,0
1878,3,2025-04-01 17:26:53,2025-08-08 08:21:53,128,42.66666666666666,0
1880,1,2025-08-30 05:19:53,2025-08-30 05:19:53,0,0.0,1
1881,4,2024-11-27 13:09:47,2025-05-13 06:09:45,166,41.5,0
1882,2,2025-04-29 06:11:30,2025-11-16 08:43:58,201,100.5,0
1883,4,2025-01-16 22:59:39,2025-11-02 23:28:17,290,72.5,0
1884,2,2025-02-15 15:45:30,2025-05-16 18:28:50,90,45.0,0
1885,2,2025-07-07 04:04:27,2025-11-10 13:36:53,126,63.0,0
1886,2,2025-08-02 19:30:32,2025-10-20 05:11:44,78,39.0,0
1887,2,2025-03-06 04:14:49,2025-10-29 14:40:10,237,118.5,0
1888,4,2025-01-06 07:10:05,2025-10-18 10:25:08,285,71.25,0
1889,3,2025-06-03 06:55:58,2025-06-25 12:28:12,22,7.333333333333333,0
1891,1,2025-07-03 22:04:35,2025-07-03 22:04:35,0,0.0,1
1892,2,2025-08-10 05:14:16,2025-10-14 16:03:37,65,32.5,0
1893,2,2025-09-06 05:01:40,2025-09-08 22:21:24,2,1.0,0
1894,4,2025-01-02 10:20:15,2025-11-05 20:09:03,307,76.75,0
1895,2,2025-01-24 17:33:56,2025-02-09 23:49:48,16,8.0,0
1896,3,2025-05-24 14:42:55,2025-08-30 04:12:18,97,32.333333333333336,0
1897,1,2025-07-05 13:39:32,2025-07-05 13:39:32,0,0.0,1
1899,3,2024-12-02 19:12:45,2025-09-12 15:37:24,283,94.33333333333331,0
1900,3,2024-12-23 04:24:09,2025-08-26 18:00:17,246,82.0,0
1901,1,2024-11-24 22:24:30,2024-11-24 22:24:30,0,0.0,1
1902,2,2025-01-27 18:36:06,2025-03-23 10:13:15,54,27.0,0
1903,1,2025-03-30 21:24:05,2025-03-30 21:24:05,0,0.0,1
1904,2,2025-01-23 02:51:00,2025-02-15 20:47:26,23,11.5,0
1906,4,2024-12-25 06:43:19,2025-07-05 11:14:06,192,48.0,0
1908,4,2024-12-22 16:02:53,2025-08-01 05:52:34,221,55.25,0
1909,1,2025-01-31 16:35:28,2025-01-31 16:35:28,0,0.0,1
1910,3,2025-01-12 09:34:00,2025-04-20 07:00:34,97,32.333333333333336,0
1911,1,2025-05-07 02:57:53,2025-05-07 02:57:53,0,0.0,1
1912,2,2024-12-03 04:42:26,2025-06-11 18:50:51,190,95.0,0
1914,1,2025-11-11 23:15:26,2025-11-11 23:15:26,0,0.0,1
1915,1,2025-03-23 20:48:37,2025-03-23 20:48:37,0,0.0,1
1916,2,2024-12-05 07:17:01,2025-05-30 18:22:29,176,88.0,0
1917,2,2025-03-14 23:19:17,2025-08-01 23:06:00,139,69.5,0
1918,5,2025-02-15 16:39:51,2025-10-28 05:20:34,254,50.8,0
1919,3,2025-05-19 05:26:37,2025-11-07 07:33:31,172,57.333333333333336,0
1920,2,2025-02-21 05:07:48,2025-08-06 22:03:52,166,83.0,0
1921,2,2025-06-01 19:45:27,2025-07-09 16:26:07,37,18.5,0
1922,3,2025-04-24 04:51:06,2025-09-16 07:33:11,145,48.333333333333336,0
1923,2,2025-04-26 13:30:49,2025-06-11 11:52:29,45,22.5,0
1925,1,2025-03-23 07:20:45,2025-03-23 07:20:45,0,0.0,1
1926,3,2024-12-04 14:55:59,2025-11-22 07:16:42,352,117.33333333333331,0
1927,1,2025-08-07 07:06:08,2025-08-07 07:06:08,0,0.0,1
1929,3,2025-02-15 04:54:19,2025-07-01 04:03:56,135,45.0,0
1930,3,2025-06-30 10:20:40,2025-10-20 15:23:50,112,37.333333333333336,0
1931,1,2025-01-17 18:37:04,2025-01-17 18:37:04,0,0.0,1
1932,1,2025-11-04 20:55:10,2025-11-04 20:55:10,0,0.0,1
1933,4,2025-05-13 14:14:01,2025-09-29 16:09:05,139,34.75,0
1936,1,2025-03-19 17:17:31,2025-03-19 17:17:31,0,0.0,1
1937,3,2025-01-13 21:20:49,2025-05-17 18:38:18,123,41.0,0
1938,3,2025-01-26 11:18:09,2025-05-18 00:59:22,111,37.0,0
1939,3,2025-04-28 20:34:20,2025-11-13 19:29:53,198,66.0,0
1940,2,2025-05-09 10:43:39,2025-09-24 10:08:40,137,68.5,0
1941,2,2024-12-14 07:59:07,2025-10-17 09:13:13,307,153.5,0
1942,5,2024-12-30 15:06:43,2025-08-28 03:14:44,240,48.0,0
1943,2,2025-10-27 13:13:17,2025-11-24 10:08:41,27,13.5,0
1944,3,2025-08-01 13:04:03,2025-10-29 23:23:21,89,29.666666666666668,0
1945,2,2025-06-24 07:44:25,2025-07-06 05:07:38,11,5.5,0
1947,3,2024-12-08 04:46:26,2025-03-03 14:11:40,85,28.33333333333333,0
1948,4,2025-01-03 23:34:39,2025-10-30 10:00:38,299,74.75,0
1949,3,2025-02-14 12:20:28,2025-02-26 08:57:20,11,3.6666666666666665,0
1950,4,2025-02-10 23:16:37,2025-08-25 07:29:31,195,48.75,0
1951,2,2025-04-23 14:26:25,2025-10-18 00:17:44,177,88.5,0
1953,4,2024-12-07 06:05:26,2025-11-24 16:37:43,352,88.0,0
1954,5,2024-12-01 21:14:17,2025-08-28 03:44:58,269,53.8,0
1956,2,2025-06-15 14:32:26,2025-08-02 18:18:42,48,24.0,0
1958,2,2025-05-01 06:13:22,2025-08-26 22:18:18,117,58.5,0
1959,1,2025-04-23 16:45:34,2025-04-23 16:45:34,0,0.0,1
1961,1,2025-04-13 13:12:31,2025-04-13 13:12:31,0,0.0,1
1963,1,2025-01-07 19:04:33,2025-01-07 19:04:33,0,0.0,1
1964,3,2025-07-13 15:16:19,2025-10-28 15:09:59,106,35.333333333333336,0
1965,1,2025-09-10 20:50:34,2025-09-10 20:50:34,0,0.0,1
1966,2,2025-03-12 05:19:28,2025-11-15 16:46:41,248,124.0,0
1967,2,2025-06-10 15:29:20,2025-09-27 12:05:32,108,54.0,0
1968,1,2024-12-03 19:09:48,2024-12-03 19:09:48,0,0.0,1
1969,2,2025-05-06 12:46:13,2025-11-24 17:21:32,202,101.0,0
1971,2,2025-05-04 20:37:26,2025-06-18 18:24:40,44,22.0,0
1972,2,2025-01-11 09:27:10,2025-08-03 05:04:18,203,101.5,0
1973,1,2025-11-14 20:19:57,2025-11-14 20:19:57,0,0.0,1
1974,3,2025-04-24 19:16:40,2025-07-27 02:45:00,93,31.0,0
1975,3,2025-02-14 00:31:45,2025-11-18 09:08:15,277,92.33333333333331,0
1978,1,2025-05-27 09:22:06,2025-05-27 09:22:06,0,0.0,1
1979,1,2025-06-25 07:54:19,2025-06-25 07:54:19,0,0.0,1
1980,2,2024-12-19 08:46:12,2025-04-17 19:33:55,119,59.5,0
1981,3,2025-04-03 08:25:30,2025-09-26 21:14:34,176,58.66666666666666,0
1982,3,2025-07-09 15:55:55,2025-09-24 09:54:48,76,25.33333333333333,0
1984,1,2025-11-21 05:51:44,2025-11-21 05:51:44,0,0.0,1
1985,2,2025-10-15 03:00:01,2025-10-29 14:14:17,14,7.0,0
1986,3,2025-01-17 01:53:27,2025-08-11 15:46:29,206,68.66666666666667,0
1987,2,2024-12-17 01:36:45,2025-09-04 15:41:30,261,130.5,0
1988,1,2025-03-17 22:42:02,2025-03-17 22:42:02,0,0.0,1
1989,3,2024-12-11 13:25:21,2025-04-28 13:20:52,137,45.66666666666666,0
1990,1,2025-01-16 04:51:49,2025-01-16 04:51:49,0,0.0,1
1991,4,2025-02-08 20:44:09,2025-07-25 10:54:13,166,41.5,0
1992,1,2025-10-08 07:25:43,2025-10-08 07:25:43,0,0.0,1
1993,3,2025-09-08 10:27:14,2025-11-01 19:03:35,54,18.0,0
1994,2,2025-05-26 00:42:39,2025-06-29 05:59:07,34,17.0,0
1995,1,2025-02-10 23:28:42,2025-02-10 23:28:42,0,0.0,1
1996,1,2025-01-31 13:15:25,2025-01-31 13:15:25,0,0.0,1
1997,3,2025-02-11 12:00:52,2025-09-30 02:25:01,230,76.66666666666667,0
1998,3,2024-11-30 09:59:52,2025-07-23 19:51:48,235,78.33333333333333,0
2000,1,2025-02-12 14:54:21,2025-02-12 14:54:21,0,0.0,1
